都道府県名,市区町村名,市区町村名カナ
北海道,札幌市中央区,サッポロシチュウオウク
北海道,札幌市北区,サッポロシキタク
北海道,札幌市東区,サッポロシヒガシク
北海道,札幌市白石区,サッポロシシロイシク
北海道,札幌市豊平区,サッポロシトヨヒラク
北海道,札幌市南区,サッポロシミナミク
北海道,札幌市西区,サッポロシニシク
北海道,札幌市厚別区,サッポロシアツベツク
北海道,札幌市手稲区,サッポロシテイネク
北海道,札幌市清田区,サッポロシキヨタク
北海道,函館市,ハコダテシ
北海道,小樽市,オタルシ
北海道,旭川市,アサヒカワシ
北海道,室蘭市,ムロランシ
北海道,釧路市,クシロシ
北海道,帯広市,オビヒロシ
北海道,北見市,キタミシ
北海道,夕張市,ユウバリシ
北海道,岩見沢市,イワミザワシ
北海道,網走市,アバシリシ
北海道,留萌市,ルモイシ
北海道,苫小牧市,トマコマイシ
北海道,稚内市,ワッカナイシ
北海道,美唄市,ビバイシ
北海道,芦別市,アシベツシ
北海道,江別市,エベツシ
北海道,赤平市,アカビラシ
北海道,紋別市,モンベツシ
北海道,士別市,シベツシ
北海道,名寄市,ナヨロシ
北海道,三笠市,ミカサシ
北海道,根室市,ネムロシ
北海道,千歳市,チトセシ
北海道,滝川市,タキカワシ
北海道,砂川市,スナガワシ
北海道,歌志内市,ウタシナイシ
北海道,深川市,フカガワシ
北海道,富良野市,フラノシ
北海道,登別市,ノボリベツシ
北海道,恵庭市,エニワシ
北海道,伊達市,ダテシ
北海道,北広島市,キタヒロシマシ
北海道,石狩市,イシカリシ
北海道,北斗市,ホクトシ
北海道,石狩郡当別町,イシカリグントウベツチョウ
北海道,石狩郡新篠津村,イシカリグンシンシノツムラ
北海道,松前郡松前町,マツマエグンマツマエチョウ
北海道,松前郡福島町,マツマエグンフクシマチョウ
北海道,上磯郡知内町,カミイソグンシリウチチョウ
北海道,上磯郡木古内町,カミイソグンキコナイチョウ
北海道,亀田郡七飯町,カメダグンナナエチョウ
北海道,茅部郡鹿部町,カヤベグンシカベチョウ
北海道,茅部郡森町,カヤベグンモリマチ
北海道,二海郡八雲町,フタミグンヤクモチョウ
北海道,山越郡長万部町,ヤマコシグンオシャマンベチョウ
北海道,檜山郡江差町,ヒヤマグンエサシチョウ
北海道,檜山郡上ノ国町,ヒヤマグンカミノクニチョウ
北海道,檜山郡厚沢部町,ヒヤマグンアッサブチョウ
北海道,爾志郡乙部町,ニシグンオトベチョウ
北海道,奥尻郡奥尻町,オクシリグンオクシリチョウ
北海道,瀬棚郡今金町,セタナグンイマカネチョウ
北海道,久遠郡せたな町,クドウグンセタナチョウ
北海道,島牧郡島牧村,シママキグンシママキムラ
北海道,寿都郡寿都町,スッツグンスッツチョウ
北海道,寿都郡黒松内町,スッツグンクロマツナイチョウ
北海道,磯谷郡蘭越町,イソヤグンランコシチョウ
北海道,虻田郡ニセコ町,アブタグンニセコチョウ
北海道,虻田郡真狩村,アブタグンマッカリムラ
北海道,虻田郡留寿都村,アブタグンルスツムラ
北海道,虻田郡喜茂別町,アブタグンキモベツチョウ
北海道,虻田郡京極町,アブタグンキョウゴクチョウ
北海道,虻田郡倶知安町,アブタグンクッチャンチョウ
北海道,岩内郡共和町,イワナイグンキョウワチョウ
北海道,岩内郡岩内町,イワナイグンイワナイチョウ
北海道,古宇郡泊村,フルウグントマリムラ
北海道,古宇郡神恵内村,フルウグンカモエナイムラ
北海道,積丹郡積丹町,シャコタングンシャコタンチョウ
北海道,古平郡古平町,フルビラグンフルビラチョウ
北海道,余市郡仁木町,ヨイチグンニキチョウ
北海道,余市郡余市町,ヨイチグンヨイチチョウ
北海道,余市郡赤井川村,ヨイチグンアカイガワムラ
北海道,空知郡南幌町,ソラチグンナンポロチョウ
北海道,空知郡奈井江町,ソラチグンナイエチョウ
北海道,空知郡上砂川町,ソラチグンカミスナガワチョウ
北海道,夕張郡由仁町,ユウバリグンユニチョウ
北海道,夕張郡長沼町,ユウバリグンナガヌマチョウ
北海道,夕張郡栗山町,ユウバリグンクリヤマチョウ
北海道,樺戸郡月形町,カバトグンツキガタチョウ
北海道,樺戸郡浦臼町,カバトグンウラウスチョウ
北海道,樺戸郡新十津川町,カバトグンシントツカワチョウ
北海道,雨竜郡妹背牛町,ウリュウグンモセウシチョウ
北海道,雨竜郡秩父別町,ウリュウグンチップベツチョウ
北海道,雨竜郡雨竜町,ウリュウグンウリュウチョウ
北海道,雨竜郡北竜町,ウリュウグンホクリュウチョウ
北海道,雨竜郡沼田町,ウリュウグンヌマタチョウ
北海道,上川郡鷹栖町,カミカワグンタカスチョウ
北海道,上川郡東神楽町,カミカワグンヒガシカグラチョウ
北海道,上川郡当麻町,カミカワグントウマチョウ
北海道,上川郡比布町,カミカワグンピップチョウ
北海道,上川郡愛別町,カミカワグンアイベツチョウ
北海道,上川郡上川町,カミカワグンカミカワチョウ
北海道,上川郡東川町,カミカワグンヒガシカワチョウ
北海道,上川郡美瑛町,カミカワグンビエイチョウ
北海道,空知郡上富良野町,ソラチグンカミフラノチョウ
北海道,空知郡中富良野町,ソラチグンナカフラノチョウ
北海道,空知郡南富良野町,ソラチグンミナミフラノチョウ
北海道,勇払郡占冠村,ユウフツグンシムカップムラ
北海道,上川郡和寒町,カミカワグンワッサムチョウ
北海道,上川郡剣淵町,カミカワグンケンブチチョウ
北海道,上川郡下川町,カミカワグンシモカワチョウ
北海道,中川郡美深町,ナカガワグンビフカチョウ
北海道,中川郡音威子府村,ナカガワグンオトイネップムラ
北海道,中川郡中川町,ナカガワグンナカガワチョウ
北海道,雨竜郡幌加内町,ウリュウグンホロカナイチョウ
北海道,増毛郡増毛町,マシケグンマシケチョウ
北海道,留萌郡小平町,ルモイグンオビラチョウ
北海道,苫前郡苫前町,トママエグントママエチョウ
北海道,苫前郡羽幌町,トママエグンハボロチョウ
北海道,苫前郡初山別村,トママエグンショサンベツムラ
北海道,天塩郡遠別町,テシオグンエンベツチョウ
北海道,天塩郡天塩町,テシオグンテシオチョウ
北海道,宗谷郡猿払村,ソウヤグンサルフツムラ
北海道,枝幸郡浜頓別町,エサシグンハマトンベツチョウ
北海道,枝幸郡中頓別町,エサシグンナカトンベツチョウ
北海道,枝幸郡枝幸町,エサシグンエサシチョウ
北海道,天塩郡豊富町,テシオグントヨトミチョウ
北海道,礼文郡礼文町,レブングンレブンチョウ
北海道,利尻郡利尻町,リシリグンリシリチョウ
北海道,利尻郡利尻富士町,リシリグンリシリフジチョウ
北海道,天塩郡幌延町,テシオグンホロノベチョウ
北海道,網走郡美幌町,アバシリグンビホロチョウ
北海道,網走郡津別町,アバシリグンツベツチョウ
北海道,斜里郡斜里町,シャリグンシャリチョウ
北海道,斜里郡清里町,シャリグンキヨサトチョウ
北海道,斜里郡小清水町,シャリグンコシミズチョウ
北海道,常呂郡訓子府町,トコログンクンネップチョウ
北海道,常呂郡置戸町,トコログンオケトチョウ
北海道,常呂郡佐呂間町,トコログンサロマチョウ
北海道,紋別郡遠軽町,モンベツグンエンガルチョウ
北海道,紋別郡湧別町,モンベツグンユウベツチョウ
北海道,紋別郡滝上町,モンベツグンタキノウエチョウ
北海道,紋別郡興部町,モンベツグンオコッペチョウ
北海道,紋別郡西興部村,モンベツグンニシオコッペムラ
北海道,紋別郡雄武町,モンベツグンオウムチョウ
北海道,網走郡大空町,アバシリグンオオゾラチョウ
北海道,虻田郡豊浦町,アブタグントヨウラチョウ
北海道,有珠郡壮瞥町,ウスグンソウベツチョウ
北海道,白老郡白老町,シラオイグンシラオイチョウ
北海道,勇払郡厚真町,ユウフツグンアツマチョウ
北海道,虻田郡洞爺湖町,アブタグントウヤコチョウ
北海道,勇払郡安平町,ユウフツグンアビラチョウ
北海道,勇払郡むかわ町,ユウフツグンムカワチョウ
北海道,沙流郡日高町,サルグンヒダカチョウ
北海道,沙流郡平取町,サルグンビラトリチョウ
北海道,新冠郡新冠町,ニイカップグンニイカップチョウ
北海道,浦河郡浦河町,ウラカワグンウラカワチョウ
北海道,様似郡様似町,サマニグンサマニチョウ
北海道,幌泉郡えりも町,ホロイズミグンエリモチョウ
北海道,日高郡新ひだか町,ヒダカグンシンヒダカチョウ
北海道,河東郡音更町,カトウグンオトフケチョウ
北海道,河東郡士幌町,カトウグンシホロチョウ
北海道,河東郡上士幌町,カトウグンカミシホロチョウ
北海道,河東郡鹿追町,カトウグンシカオイチョウ
北海道,上川郡新得町,カミカワグンシントクチョウ
北海道,上川郡清水町,カミカワグンシミズチョウ
北海道,河西郡芽室町,カサイグンメムロチョウ
北海道,河西郡中札内村,カサイグンナカサツナイムラ
北海道,河西郡更別村,カサイグンサラベツムラ
北海道,広尾郡大樹町,ヒロオグンタイキチョウ
北海道,広尾郡広尾町,ヒロオグンヒロオチョウ
北海道,中川郡幕別町,ナカガワグンマクベツチョウ
北海道,中川郡池田町,ナカガワグンイケダチョウ
北海道,中川郡豊頃町,ナカガワグントヨコロチョウ
北海道,中川郡本別町,ナカガワグンホンベツチョウ
北海道,足寄郡足寄町,アショログンアショロチョウ
北海道,足寄郡陸別町,アショログンリクベツチョウ
北海道,十勝郡浦幌町,トカチグンウラホロチョウ
北海道,釧路郡釧路町,クシログンクシロチョウ
北海道,厚岸郡厚岸町,アッケシグンアッケシチョウ
北海道,厚岸郡浜中町,アッケシグンハマナカチョウ
北海道,川上郡標茶町,カワカミグンシベチャチョウ
北海道,川上郡弟子屈町,カワカミグンテシカガチョウ
北海道,阿寒郡鶴居村,アカングンツルイムラ
北海道,白糠郡白糠町,シラヌカグンシラヌカチョウ
北海道,野付郡別海町,ノツケグンベツカイチョウ
北海道,標津郡中標津町,シベツグンナカシベツチョウ
北海道,標津郡標津町,シベツグンシベツチョウ
北海道,目梨郡羅臼町,メナシグンラウスチョウ
青森県,青森市,アオモリシ
青森県,弘前市,ヒロサキシ
青森県,八戸市,ハチノヘシ
青森県,黒石市,クロイシシ
青森県,五所川原市,ゴショガワラシ
青森県,十和田市,トワダシ
青森県,三沢市,ミサワシ
青森県,むつ市,ムツシ
青森県,つがる市,ツガルシ
青森県,平川市,ヒラカワシ
青森県,東津軽郡平内町,ヒガシツガルグンヒラナイマチ
青森県,東津軽郡今別町,ヒガシツガルグンイマベツマチ
青森県,東津軽郡蓬田村,ヒガシツガルグンヨモギタムラ
青森県,東津軽郡外ヶ浜町,ヒガシツガルグンソトガハママチ
青森県,西津軽郡鰺ヶ沢町,ニシツガルグンアジガサワマチ
青森県,西津軽郡深浦町,ニシツガルグンフカウラマチ
青森県,中津軽郡西目屋村,ナカツガルグンニシメヤムラ
青森県,南津軽郡藤崎町,ミナミツガルグンフジサキマチ
青森県,南津軽郡大鰐町,ミナミツガルグンオオワニマチ
青森県,南津軽郡田舎館村,ミナミツガルグンイナカダテムラ
青森県,北津軽郡板柳町,キタツガルグンイタヤナギマチ
青森県,北津軽郡鶴田町,キタツガルグンツルタマチ
青森県,北津軽郡中泊町,キタツガルグンナカドマリマチ
青森県,上北郡野辺地町,カミキタグンノヘジマチ
青森県,上北郡七戸町,カミキタグンシチノヘマチ
青森県,上北郡六戸町,カミキタグンロクノヘマチ
青森県,上北郡横浜町,カミキタグンヨコハママチ
青森県,上北郡東北町,カミキタグントウホクマチ
青森県,上北郡六ヶ所村,カミキタグンロッカショムラ
青森県,上北郡おいらせ町,カミキタグンオイラセチョウ
青森県,下北郡大間町,シモキタグンオオママチ
青森県,下北郡東通村,シモキタグンヒガシドオリムラ
青森県,下北郡風間浦村,シモキタグンカザマウラムラ
青森県,下北郡佐井村,シモキタグンサイムラ
青森県,三戸郡三戸町,サンノヘグンサンノヘマチ
青森県,三戸郡五戸町,サンノヘグンゴノヘマチ
青森県,三戸郡田子町,サンノヘグンタッコマチ
青森県,三戸郡南部町,サンノヘグンナンブチョウ
青森県,三戸郡階上町,サンノヘグンハシカミチョウ
青森県,三戸郡新郷村,サンノヘグンシンゴウムラ
岩手県,盛岡市,モリオカシ
岩手県,宮古市,ミヤコシ
岩手県,大船渡市,オオフナトシ
岩手県,花巻市,ハナマキシ
岩手県,北上市,キタカミシ
岩手県,久慈市,クジシ
岩手県,遠野市,トオノシ
岩手県,一関市,イチノセキシ
岩手県,陸前高田市,リクゼンタカタシ
岩手県,釜石市,カマイシシ
岩手県,二戸市,ニノヘシ
岩手県,八幡平市,ハチマンタイシ
岩手県,奥州市,オウシュウシ
岩手県,滝沢市,タキザワシ
岩手県,岩手郡雫石町,イワテグンシズクイシチョウ
岩手県,岩手郡葛巻町,イワテグンクズマキマチ
岩手県,岩手郡岩手町,イワテグンイワテマチ
岩手県,紫波郡紫波町,シワグンシワチョウ
岩手県,紫波郡矢巾町,シワグンヤハバチョウ
岩手県,和賀郡西和賀町,ワガグンニシワガマチ
岩手県,胆沢郡金ケ崎町,イサワグンカネガサキチョウ
岩手県,西磐井郡平泉町,ニシイワイグンヒライズミチョウ
岩手県,気仙郡住田町,ケセングンスミタチョウ
岩手県,上閉伊郡大槌町,カミヘイグンオオツチチョウ
岩手県,下閉伊郡山田町,シモヘイグンヤマダマチ
岩手県,下閉伊郡岩泉町,シモヘイグンイワイズミチョウ
岩手県,下閉伊郡田野畑村,シモヘイグンタノハタムラ
岩手県,下閉伊郡普代村,シモヘイグンフダイムラ
岩手県,九戸郡軽米町,クノヘグンカルマイマチ
岩手県,九戸郡野田村,クノヘグンノダムラ
岩手県,九戸郡九戸村,クノヘグンクノヘムラ
岩手県,九戸郡洋野町,クノヘグンヒロノチョウ
岩手県,二戸郡一戸町,ニノヘグンイチノヘマチ
宮城県,仙台市青葉区,センダイシアオバク
宮城県,仙台市宮城野区,センダイシミヤギノク
宮城県,仙台市若林区,センダイシワカバヤシク
宮城県,仙台市太白区,センダイシタイハクク
宮城県,仙台市泉区,センダイシイズミク
宮城県,石巻市,イシノマキシ
宮城県,塩竈市,シオガマシ
宮城県,気仙沼市,ケセンヌマシ
宮城県,白石市,シロイシシ
宮城県,名取市,ナトリシ
宮城県,角田市,カクダシ
宮城県,多賀城市,タガジョウシ
宮城県,岩沼市,イワヌマシ
宮城県,登米市,トメシ
宮城県,栗原市,クリハラシ
宮城県,東松島市,ヒガシマツシマシ
宮城県,大崎市,オオサキシ
宮城県,富谷市,トミヤシ
宮城県,刈田郡蔵王町,カッタグンザオウマチ
宮城県,刈田郡七ヶ宿町,カッタグンシチカシュクマチ
宮城県,柴田郡大河原町,シバタグンオオガワラマチ
宮城県,柴田郡村田町,シバタグンムラタマチ
宮城県,柴田郡柴田町,シバタグンシバタマチ
宮城県,柴田郡川崎町,シバタグンカワサキマチ
宮城県,伊具郡丸森町,イググンマルモリマチ
宮城県,亘理郡亘理町,ワタリグンワタリチョウ
宮城県,亘理郡山元町,ワタリグンヤマモトチョウ
宮城県,宮城郡松島町,ミヤギグンマツシママチ
宮城県,宮城郡七ヶ浜町,ミヤギグンシチガハママチ
宮城県,宮城郡利府町,ミヤギグンリフチョウ
宮城県,黒川郡大和町,クロカワグンタイワチョウ
宮城県,黒川郡大郷町,クロカワグンオオサトチョウ
宮城県,黒川郡大衡村,クロカワグンオオヒラムラ
宮城県,加美郡色麻町,カミグンシカマチョウ
宮城県,加美郡加美町,カミグンカミマチ
宮城県,遠田郡涌谷町,トオダグンワクヤチョウ
宮城県,遠田郡美里町,トオダグンミサトマチ
宮城県,牡鹿郡女川町,オシカグンオナガワチョウ
宮城県,本吉郡南三陸町,モトヨシグンミナミサンリクチョウ
秋田県,秋田市,アキタシ
秋田県,能代市,ノシロシ
秋田県,横手市,ヨコテシ
秋田県,大館市,オオダテシ
秋田県,男鹿市,オガシ
秋田県,湯沢市,ユザワシ
秋田県,鹿角市,カヅノシ
秋田県,由利本荘市,ユリホンジョウシ
秋田県,潟上市,カタガミシ
秋田県,大仙市,ダイセンシ
秋田県,北秋田市,キタアキタシ
秋田県,にかほ市,ニカホシ
秋田県,仙北市,センボクシ
秋田県,鹿角郡小坂町,カヅノグンコサカマチ
秋田県,北秋田郡上小阿仁村,キタアキタグンカミコアニムラ
秋田県,山本郡藤里町,ヤマモトグンフジサトマチ
秋田県,山本郡三種町,ヤマモトグンミタネチョウ
秋田県,山本郡八峰町,ヤマモトグンハッポウチョウ
秋田県,南秋田郡五城目町,ミナミアキタグンゴジョウメマチ
秋田県,南秋田郡八郎潟町,ミナミアキタグンハチロウガタマチ
秋田県,南秋田郡井川町,ミナミアキタグンイカワマチ
秋田県,南秋田郡大潟村,ミナミアキタグンオオガタムラ
秋田県,仙北郡美郷町,センボクグンミサトチョウ
秋田県,雄勝郡羽後町,オガチグンウゴマチ
秋田県,雄勝郡東成瀬村,オガチグンヒガシナルセムラ
山形県,山形市,ヤマガタシ
山形県,米沢市,ヨネザワシ
山形県,鶴岡市,ツルオカシ
山形県,酒田市,サカタシ
山形県,新庄市,シンジョウシ
山形県,寒河江市,サガエシ
山形県,上山市,カミノヤマシ
山形県,村山市,ムラヤマシ
山形県,長井市,ナガイシ
山形県,天童市,テンドウシ
山形県,東根市,ヒガシネシ
山形県,尾花沢市,オバナザワシ
山形県,南陽市,ナンヨウシ
山形県,東村山郡山辺町,ヒガシムラヤマグンヤマノベマチ
山形県,東村山郡中山町,ヒガシムラヤマグンナカヤママチ
山形県,西村山郡河北町,ニシムラヤマグンカホクチョウ
山形県,西村山郡西川町,ニシムラヤマグンニシカワマチ
山形県,西村山郡朝日町,ニシムラヤマグンアサヒマチ
山形県,西村山郡大江町,ニシムラヤマグンオオエマチ
山形県,北村山郡大石田町,キタムラヤマグンオオイシダマチ
山形県,最上郡金山町,モガミグンカネヤママチ
山形県,最上郡最上町,モガミグンモガミマチ
山形県,最上郡舟形町,モガミグンフナガタマチ
山形県,最上郡真室川町,モガミグンマムロガワマチ
山形県,最上郡大蔵村,モガミグンオオクラムラ
山形県,最上郡鮭川村,モガミグンサケガワムラ
山形県,最上郡戸沢村,モガミグントザワムラ
山形県,東置賜郡高畠町,ヒガシオキタマグンタカハタマチ
山形県,東置賜郡川西町,ヒガシオキタマグンカワニシマチ
山形県,西置賜郡小国町,ニシオキタマグンオグニマチ
山形県,西置賜郡白鷹町,ニシオキタマグンシラタカマチ
山形県,西置賜郡飯豊町,ニシオキタマグンイイデマチ
山形県,東田川郡三川町,ヒガシタガワグンミカワマチ
山形県,東田川郡庄内町,ヒガシタガワグンショウナイマチ
山形県,飽海郡遊佐町,アクミグンユザマチ
福島県,福島市,フクシマシ
福島県,会津若松市,アイヅワカマツシ
福島県,郡山市,コオリヤマシ
福島県,いわき市,イワキシ
福島県,白河市,シラカワシ
福島県,須賀川市,スカガワシ
福島県,喜多方市,キタカタシ
福島県,相馬市,ソウマシ
福島県,二本松市,ニホンマツシ
福島県,田村市,タムラシ
福島県,南相馬市,ミナミソウマシ
福島県,伊達市,ダテシ
福島県,本宮市,モトミヤシ
福島県,伊達郡桑折町,ダテグンコオリマチ
福島県,伊達郡国見町,ダテグンクニミマチ
福島県,伊達郡川俣町,ダテグンカワマタマチ
福島県,安達郡大玉村,アダチグンオオタマムラ
福島県,岩瀬郡鏡石町,イワセグンカガミイシマチ
福島県,岩瀬郡天栄村,イワセグンテンエイムラ
福島県,南会津郡下郷町,ミナミアイヅグンシモゴウマチ
福島県,南会津郡檜枝岐村,ミナミアイヅグンヒノエマタムラ
福島県,南会津郡只見町,ミナミアイヅグンタダミマチ
福島県,南会津郡南会津町,ミナミアイヅグンミナミアイヅマチ
福島県,耶麻郡北塩原村,ヤマグンキタシオバラムラ
福島県,耶麻郡西会津町,ヤマグンニシアイヅマチ
福島県,耶麻郡磐梯町,ヤマグンバンダイマチ
福島県,耶麻郡猪苗代町,ヤマグンイナワシロマチ
福島県,河沼郡会津坂下町,カワヌマグンアイヅバンゲマチ
福島県,河沼郡湯川村,カワヌマグンユガワムラ
福島県,河沼郡柳津町,カワヌマグンヤナイヅマチ
福島県,大沼郡三島町,オオヌマグンミシママチ
福島県,大沼郡金山町,オオヌマグンカネヤママチ
福島県,大沼郡昭和村,オオヌマグンショウワムラ
福島県,大沼郡会津美里町,オオヌマグンアイヅミサトマチ
福島県,西白河郡西郷村,ニシシラカワグンニシゴウムラ
福島県,西白河郡泉崎村,ニシシラカワグンイズミザキムラ
福島県,西白河郡中島村,ニシシラカワグンナカジマムラ
福島県,西白河郡矢吹町,ニシシラカワグンヤブキマチ
福島県,東白川郡棚倉町,ヒガシシラカワグンタナグラマチ
福島県,東白川郡矢祭町,ヒガシシラカワグンヤマツリマチ
福島県,東白川郡塙町,ヒガシシラカワグンハナワマチ
福島県,東白川郡鮫川村,ヒガシシラカワグンサメガワムラ
福島県,石川郡石川町,イシカワグンイシカワマチ
福島県,石川郡玉川村,イシカワグンタマカワムラ
福島県,石川郡平田村,イシカワグンヒラタムラ
福島県,石川郡浅川町,イシカワグンアサカワマチ
福島県,石川郡古殿町,イシカワグンフルドノマチ
福島県,田村郡三春町,タムラグンミハルマチ
福島県,田村郡小野町,タムラグンオノマチ
福島県,双葉郡広野町,フタバグンヒロノマチ
福島県,双葉郡楢葉町,フタバグンナラハマチ
福島県,双葉郡富岡町,フタバグントミオカマチ
福島県,双葉郡川内村,フタバグンカワウチムラ
福島県,双葉郡大熊町,フタバグンオオクママチ
福島県,双葉郡双葉町,フタバグンフタバマチ
福島県,双葉郡浪江町,フタバグンナミエマチ
福島県,双葉郡葛尾村,フタバグンカツラオムラ
福島県,相馬郡新地町,ソウマグンシンチマチ
福島県,相馬郡飯舘村,ソウマグンイイタテムラ
茨城県,水戸市,ミトシ
茨城県,日立市,ヒタチシ
茨城県,土浦市,ツチウラシ
茨城県,古河市,コガシ
茨城県,石岡市,イシオカシ
茨城県,結城市,ユウキシ
茨城県,龍ケ崎市,リュウガサキシ
茨城県,下妻市,シモツマシ
茨城県,常総市,ジョウソウシ
茨城県,常陸太田市,ヒタチオオタシ
茨城県,高萩市,タカハギシ
茨城県,北茨城市,キタイバラキシ
茨城県,笠間市,カサマシ
茨城県,取手市,トリデシ
茨城県,牛久市,ウシクシ
茨城県,つくば市,ツクバシ
茨城県,ひたちなか市,ヒタチナカシ
茨城県,鹿嶋市,カシマシ
茨城県,潮来市,イタコシ
茨城県,守谷市,モリヤシ
茨城県,常陸大宮市,ヒタチオオミヤシ
茨城県,那珂市,ナカシ
茨城県,筑西市,チクセイシ
茨城県,坂東市,バンドウシ
茨城県,稲敷市,イナシキシ
茨城県,かすみがうら市,カスミガウラシ
茨城県,桜川市,サクラガワシ
茨城県,神栖市,カミスシ
茨城県,行方市,ナメガタシ
茨城県,鉾田市,ホコタシ
茨城県,つくばみらい市,ツクバミライシ
茨城県,小美玉市,オミタマシ
茨城県,東茨城郡茨城町,ヒガシイバラキグンイバラキマチ
茨城県,東茨城郡大洗町,ヒガシイバラキグンオオアライマチ
茨城県,東茨城郡城里町,ヒガシイバラキグンシロサトマチ
茨城県,那珂郡東海村,ナカグントウカイムラ
茨城県,久慈郡大子町,クジグンダイゴマチ
茨城県,稲敷郡美浦村,イナシキグンミホムラ
茨城県,稲敷郡阿見町,イナシキグンアミマチ
茨城県,稲敷郡河内町,イナシキグンカワチマチ
茨城県,結城郡八千代町,ユウキグンヤチヨマチ
茨城県,猿島郡五霞町,サシマグンゴカマチ
茨城県,猿島郡境町,サシマグンサカイマチ
茨城県,北相馬郡利根町,キタソウマグントネマチ
栃木県,宇都宮市,ウツノミヤシ
栃木県,足利市,アシカガシ
栃木県,栃木市,トチギシ
栃木県,佐野市,サノシ
栃木県,鹿沼市,カヌマシ
栃木県,日光市,ニッコウシ
栃木県,小山市,オヤマシ
栃木県,真岡市,モオカシ
栃木県,大田原市,オオタワラシ
栃木県,矢板市,ヤイタシ
栃木県,那須塩原市,ナスシオバラシ
栃木県,さくら市,サクラシ
栃木県,那須烏山市,ナスカラスヤマシ
栃木県,下野市,シモツケシ
栃木県,河内郡上三川町,カワチグンカミノカワマチ
栃木県,芳賀郡益子町,ハガグンマシコマチ
栃木県,芳賀郡茂木町,ハガグンモテギマチ
栃木県,芳賀郡市貝町,ハガグンイチカイマチ
栃木県,芳賀郡芳賀町,ハガグンハガマチ
栃木県,下都賀郡壬生町,シモツガグンミブマチ
栃木県,下都賀郡野木町,シモツガグンノギマチ
栃木県,塩谷郡塩谷町,シオヤグンシオヤマチ
栃木県,塩谷郡高根沢町,シオヤグンタカネザワマチ
栃木県,那須郡那須町,ナスグンナスマチ
栃木県,那須郡那珂川町,ナスグンナカガワマチ
群馬県,前橋市,マエバシシ
群馬県,高崎市,タカサキシ
群馬県,桐生市,キリュウシ
群馬県,伊勢崎市,イセサキシ
群馬県,太田市,オオタシ
群馬県,沼田市,ヌマタシ
群馬県,館林市,タテバヤシシ
群馬県,渋川市,シブカワシ
群馬県,藤岡市,フジオカシ
群馬県,富岡市,トミオカシ
群馬県,安中市,アンナカシ
群馬県,みどり市,ミドリシ
群馬県,北群馬郡榛東村,キタグンマグンシントウムラ
群馬県,北群馬郡吉岡町,キタグンマグンヨシオカマチ
群馬県,多野郡上野村,タノグンウエノムラ
群馬県,多野郡神流町,タノグンカンナマチ
群馬県,甘楽郡下仁田町,カンラグンシモニタマチ
群馬県,甘楽郡南牧村,カンラグンナンモクムラ
群馬県,甘楽郡甘楽町,カンラグンカンラマチ
群馬県,吾妻郡中之条町,アガツマグンナカノジョウマチ
群馬県,吾妻郡長野原町,アガツマグンナガノハラマチ
群馬県,吾妻郡嬬恋村,アガツマグンツマゴイムラ
群馬県,吾妻郡草津町,アガツマグンクサツマチ
群馬県,吾妻郡高山村,アガツマグンタカヤマムラ
群馬県,吾妻郡東吾妻町,アガツマグンヒガシアガツママチ
群馬県,利根郡片品村,トネグンカタシナムラ
群馬県,利根郡川場村,トネグンカワバムラ
群馬県,利根郡昭和村,トネグンショウワムラ
群馬県,利根郡みなかみ町,トネグンミナカミマチ
群馬県,佐波郡玉村町,サワグンタマムラマチ
群馬県,邑楽郡板倉町,オウラグンイタクラマチ
群馬県,邑楽郡明和町,オウラグンメイワマチ
群馬県,邑楽郡千代田町,オウラグンチヨダマチ
群馬県,邑楽郡大泉町,オウラグンオオイズミマチ
群馬県,邑楽郡邑楽町,オウラグンオウラマチ
埼玉県,さいたま市西区,サイタマシニシク
埼玉県,さいたま市北区,サイタマシキタク
埼玉県,さいたま市大宮区,サイタマシオオミヤク
埼玉県,さいたま市見沼区,サイタマシミヌマク
埼玉県,さいたま市中央区,サイタマシチュウオウク
埼玉県,さいたま市桜区,サイタマシサクラク
埼玉県,さいたま市浦和区,サイタマシウラワク
埼玉県,さいたま市南区,サイタマシミナミク
埼玉県,さいたま市緑区,サイタマシミドリク
埼玉県,さいたま市岩槻区,サイタマシイワツキク
埼玉県,川越市,カワゴエシ
埼玉県,熊谷市,クマガヤシ
埼玉県,川口市,カワグチシ
埼玉県,行田市,ギョウダシ
埼玉県,秩父市,チチブシ
埼玉県,所沢市,トコロザワシ
埼玉県,飯能市,ハンノウシ
埼玉県,加須市,カゾシ
埼玉県,本庄市,ホンジョウシ
埼玉県,東松山市,ヒガシマツヤマシ
埼玉県,春日部市,カスカベシ
埼玉県,狭山市,サヤマシ
埼玉県,羽生市,ハニュウシ
埼玉県,鴻巣市,コウノスシ
埼玉県,深谷市,フカヤシ
埼玉県,上尾市,アゲオシ
埼玉県,草加市,ソウカシ
埼玉県,越谷市,コシガヤシ
埼玉県,蕨市,ワラビシ
埼玉県,戸田市,トダシ
埼玉県,入間市,イルマシ
埼玉県,朝霞市,アサカシ
埼玉県,志木市,シキシ
埼玉県,和光市,ワコウシ
埼玉県,新座市,ニイザシ
埼玉県,桶川市,オケガワシ
埼玉県,久喜市,クキシ
埼玉県,北本市,キタモトシ
埼玉県,八潮市,ヤシオシ
埼玉県,富士見市,フジミシ
埼玉県,三郷市,ミサトシ
埼玉県,蓮田市,ハスダシ
埼玉県,坂戸市,サカドシ
埼玉県,幸手市,サッテシ
埼玉県,鶴ヶ島市,ツルガシマシ
埼玉県,日高市,ヒダカシ
埼玉県,吉川市,ヨシカワシ
埼玉県,ふじみ野市,フジミノシ
埼玉県,白岡市,シラオカシ
埼玉県,北足立郡伊奈町,キタアダチグンイナマチ
埼玉県,入間郡三芳町,イルマグンミヨシマチ
埼玉県,入間郡毛呂山町,イルマグンモロヤママチ
埼玉県,入間郡越生町,イルマグンオゴセマチ
埼玉県,比企郡滑川町,ヒキグンナメガワマチ
埼玉県,比企郡嵐山町,ヒキグンランザンマチ
埼玉県,比企郡小川町,ヒキグンオガワマチ
埼玉県,比企郡川島町,ヒキグンカワジママチ
埼玉県,比企郡吉見町,ヒキグンヨシミマチ
埼玉県,比企郡鳩山町,ヒキグンハトヤママチ
埼玉県,比企郡ときがわ町,ヒキグントキガワマチ
埼玉県,秩父郡横瀬町,チチブグンヨコゼマチ
埼玉県,秩父郡皆野町,チチブグンミナノマチ
埼玉県,秩父郡長瀞町,チチブグンナガトロマチ
埼玉県,秩父郡小鹿野町,チチブグンオガノマチ
埼玉県,秩父郡東秩父村,チチブグンヒガシチチブムラ
埼玉県,児玉郡美里町,コダマグンミサトマチ
埼玉県,児玉郡神川町,コダマグンカミカワマチ
埼玉県,児玉郡上里町,コダマグンカミサトマチ
埼玉県,大里郡寄居町,オオサトグンヨリイマチ
埼玉県,南埼玉郡宮代町,ミナミサイタマグンミヤシロマチ
埼玉県,北葛飾郡杉戸町,キタカツシカグンスギトマチ
埼玉県,北葛飾郡松伏町,キタカツシカグンマツブシマチ
千葉県,千葉市中央区,チバシチュウオウク
千葉県,千葉市花見川区,チバシハナミガワク
千葉県,千葉市稲毛区,チバシイナゲク
千葉県,千葉市若葉区,チバシワカバク
千葉県,千葉市緑区,チバシミドリク
千葉県,千葉市美浜区,チバシミハマク
千葉県,銚子市,チョウシシ
千葉県,市川市,イチカワシ
千葉県,船橋市,フナバシシ
千葉県,館山市,タテヤマシ
千葉県,木更津市,キサラヅシ
千葉県,松戸市,マツドシ
千葉県,野田市,ノダシ
千葉県,茂原市,モバラシ
千葉県,成田市,ナリタシ
千葉県,佐倉市,サクラシ
千葉県,東金市,トウガネシ
千葉県,旭市,アサヒシ
千葉県,習志野市,ナラシノシ
千葉県,柏市,カシワシ
千葉県,勝浦市,カツウラシ
千葉県,市原市,イチハラシ
千葉県,流山市,ナガレヤマシ
千葉県,八千代市,ヤチヨシ
千葉県,我孫子市,アビコシ
千葉県,鴨川市,カモガワシ
千葉県,鎌ケ谷市,カマガヤシ
千葉県,君津市,キミツシ
千葉県,富津市,フッツシ
千葉県,浦安市,ウラヤスシ
千葉県,四街道市,ヨツカイドウシ
千葉県,袖ケ浦市,ソデガウラシ
千葉県,八街市,ヤチマタシ
千葉県,印西市,インザイシ
千葉県,白井市,シロイシ
千葉県,富里市,トミサトシ
千葉県,南房総市,ミナミボウソウシ
千葉県,匝瑳市,ソウサシ
千葉県,香取市,カトリシ
千葉県,山武市,サンムシ
千葉県,いすみ市,イスミシ
千葉県,大網白里市,オオアミシラサトシ
千葉県,印旛郡酒々井町,インバグンシスイマチ
千葉県,印旛郡栄町,インバグンサカエマチ
千葉県,香取郡神崎町,カトリグンコウザキマチ
千葉県,香取郡多古町,カトリグンタコマチ
千葉県,香取郡東庄町,カトリグントウノショウマチ
千葉県,山武郡九十九里町,サンブグンクジュウクリマチ
千葉県,山武郡芝山町,サンブグンシバヤママチ
千葉県,山武郡横芝光町,サンブグンヨコシバヒカリマチ
千葉県,長生郡一宮町,チョウセイグンイチノミヤマチ
千葉県,長生郡睦沢町,チョウセイグンムツザワマチ
千葉県,長生郡長生村,チョウセイグンチョウセイムラ
千葉県,長生郡白子町,チョウセイグンシラコマチ
千葉県,長生郡長柄町,チョウセイグンナガラマチ
千葉県,長生郡長南町,チョウセイグンチョウナンマチ
千葉県,夷隅郡大多喜町,イスミグンオオタキマチ
千葉県,夷隅郡御宿町,イスミグンオンジュクマチ
千葉県,安房郡鋸南町,アワグンキョナンマチ
東京都,千代田区,チヨダク
東京都,中央区,チュウオウク
東京都,港区,ミナトク
東京都,新宿区,シンジュクク
東京都,文京区,ブンキョウク
東京都,台東区,タイトウク
東京都,墨田区,スミダク
東京都,江東区,コウトウク
東京都,品川区,シナガワク
東京都,目黒区,メグロク
東京都,大田区,オオタク
東京都,世田谷区,セタガヤク
東京都,渋谷区,シブヤク
東京都,中野区,ナカノク
東京都,杉並区,スギナミク
東京都,豊島区,トシマク
東京都,北区,キタク
東京都,荒川区,アラカワク
東京都,板橋区,イタバシク
東京都,練馬区,ネリマク
東京都,足立区,アダチク
東京都,葛飾区,カツシカク
東京都,江戸川区,エドガワク
東京都,八王子市,ハチオウジシ
東京都,立川市,タチカワシ
東京都,武蔵野市,ムサシノシ
東京都,三鷹市,ミタカシ
東京都,青梅市,オウメシ
東京都,府中市,フチュウシ
東京都,昭島市,アキシマシ
東京都,調布市,チョウフシ
東京都,町田市,マチダシ
東京都,小金井市,コガネイシ
東京都,小平市,コダイラシ
東京都,日野市,ヒノシ
東京都,東村山市,ヒガシムラヤマシ
東京都,国分寺市,コクブンジシ
東京都,国立市,クニタチシ
東京都,福生市,フッサシ
東京都,狛江市,コマエシ
東京都,東大和市,ヒガシヤマトシ
東京都,清瀬市,キヨセシ
東京都,東久留米市,ヒガシクルメシ
東京都,武蔵村山市,ムサシムラヤマシ
東京都,多摩市,タマシ
東京都,稲城市,イナギシ
東京都,羽村市,ハムラシ
東京都,あきる野市,アキルノシ
東京都,西東京市,ニシトウキョウシ
東京都,西多摩郡瑞穂町,ニシタマグンミズホマチ
東京都,西多摩郡日の出町,ニシタマグンヒノデマチ
東京都,西多摩郡檜原村,ニシタマグンヒノハラムラ
東京都,西多摩郡奥多摩町,ニシタマグンオクタママチ
東京都,大島町,オオシママチ
東京都,利島村,トシマムラ
東京都,新島村,ニイジマムラ
東京都,神津島村,コウヅシマムラ
東京都,三宅島三宅村,ミヤケジマミヤケムラ
東京都,御蔵島村,ミクラジマムラ
東京都,八丈島八丈町,ハチジョウジマハチジョウマチ
東京都,青ヶ島村,アオガシマムラ
東京都,小笠原村,オガサワラムラ
神奈川県,横浜市鶴見区,ヨコハマシツルミク
神奈川県,横浜市神奈川区,ヨコハマシカナガワク
神奈川県,横浜市西区,ヨコハマシニシク
神奈川県,横浜市中区,ヨコハマシナカク
神奈川県,横浜市南区,ヨコハマシミナミク
神奈川県,横浜市保土ケ谷区,ヨコハマシホドガヤク
神奈川県,横浜市磯子区,ヨコハマシイソゴク
神奈川県,横浜市金沢区,ヨコハマシカナザワク
神奈川県,横浜市港北区,ヨコハマシコウホクク
神奈川県,横浜市戸塚区,ヨコハマシトツカク
神奈川県,横浜市港南区,ヨコハマシコウナンク
神奈川県,横浜市旭区,ヨコハマシアサヒク
神奈川県,横浜市緑区,ヨコハマシミドリク
神奈川県,横浜市瀬谷区,ヨコハマシセヤク
神奈川県,横浜市栄区,ヨコハマシサカエク
神奈川県,横浜市泉区,ヨコハマシイズミク
神奈川県,横浜市青葉区,ヨコハマシアオバク
神奈川県,横浜市都筑区,ヨコハマシツヅキク
神奈川県,川崎市川崎区,カワサキシカワサキク
神奈川県,川崎市幸区,カワサキシサイワイク
神奈川県,川崎市中原区,カワサキシナカハラク
神奈川県,川崎市高津区,カワサキシタカツク
神奈川県,川崎市多摩区,カワサキシタマク
神奈川県,川崎市宮前区,カワサキシミヤマエク
神奈川県,川崎市麻生区,カワサキシアサオク
神奈川県,相模原市緑区,サガミハラシミドリク
神奈川県,相模原市中央区,サガミハラシチュウオウク
神奈川県,相模原市南区,サガミハラシミナミク
神奈川県,横須賀市,ヨコスカシ
神奈川県,平塚市,ヒラツカシ
神奈川県,鎌倉市,カマクラシ
神奈川県,藤沢市,フジサワシ
神奈川県,小田原市,オダワラシ
神奈川県,茅ヶ崎市,チガサキシ
神奈川県,逗子市,ズシシ
神奈川県,三浦市,ミウラシ
神奈川県,秦野市,ハダノシ
神奈川県,厚木市,アツギシ
神奈川県,大和市,ヤマトシ
神奈川県,伊勢原市,イセハラシ
神奈川県,海老名市,エビナシ
神奈川県,座間市,ザマシ
神奈川県,南足柄市,ミナミアシガラシ
神奈川県,綾瀬市,アヤセシ
神奈川県,三浦郡葉山町,ミウラグンハヤママチ
神奈川県,高座郡寒川町,コウザグンサムカワマチ
神奈川県,中郡大磯町,ナカグンオオイソマチ
神奈川県,中郡二宮町,ナカグンニノミヤマチ
神奈川県,足柄上郡中井町,アシガラカミグンナカイマチ
神奈川県,足柄上郡大井町,アシガラカミグンオオイマチ
神奈川県,足柄上郡松田町,アシガラカミグンマツダマチ
神奈川県,足柄上郡山北町,アシガラカミグンヤマキタマチ
神奈川県,足柄上郡開成町,アシガラカミグンカイセイマチ
神奈川県,足柄下郡箱根町,アシガラシモグンハコネマチ
神奈川県,足柄下郡真鶴町,アシガラシモグンマナヅルマチ
神奈川県,足柄下郡湯河原町,アシガラシモグンユガワラマチ
神奈川県,愛甲郡愛川町,アイコウグンアイカワマチ
神奈川県,愛甲郡清川村,アイコウグンキヨカワムラ
新潟県,新潟市北区,ニイガタシキタク
新潟県,新潟市東区,ニイガタシヒガシク
新潟県,新潟市中央区,ニイガタシチュウオウク
新潟県,新潟市江南区,ニイガタシコウナンク
新潟県,新潟市秋葉区,ニイガタシアキハク
新潟県,新潟市南区,ニイガタシミナミク
新潟県,新潟市西区,ニイガタシニシク
新潟県,新潟市西蒲区,ニイガタシニシカンク
新潟県,長岡市,ナガオカシ
新潟県,三条市,サンジョウシ
新潟県,柏崎市,カシワザキシ
新潟県,新発田市,シバタシ
新潟県,小千谷市,オヂヤシ
新潟県,加茂市,カモシ
新潟県,十日町市,トオカマチシ
新潟県,見附市,ミツケシ
新潟県,村上市,ムラカミシ
新潟県,燕市,ツバメシ
新潟県,糸魚川市,イトイガワシ
新潟県,妙高市,ミョウコウシ
新潟県,五泉市,ゴセンシ
新潟県,上越市,ジョウエツシ
新潟県,阿賀野市,アガノシ
新潟県,佐渡市,サドシ
新潟県,魚沼市,ウオヌマシ
新潟県,南魚沼市,ミナミウオヌマシ
新潟県,胎内市,タイナイシ
新潟県,北蒲原郡聖籠町,キタカンバラグンセイロウマチ
新潟県,西蒲原郡弥彦村,ニシカンバラグンヤヒコムラ
新潟県,南蒲原郡田上町,ミナミカンバラグンタガミマチ
新潟県,東蒲原郡阿賀町,ヒガシカンバラグンアガマチ
新潟県,三島郡出雲崎町,サントウグンイズモザキマチ
新潟県,南魚沼郡湯沢町,ミナミウオヌマグンユザワマチ
新潟県,中魚沼郡津南町,ナカウオヌマグンツナンマチ
新潟県,刈羽郡刈羽村,カリワグンカリワムラ
新潟県,岩船郡関川村,イワフネグンセキカワムラ
新潟県,岩船郡粟島浦村,イワフネグンアワシマウラムラ
富山県,富山市,トヤマシ
富山県,高岡市,タカオカシ
富山県,魚津市,ウオヅシ
富山県,氷見市,ヒミシ
富山県,滑川市,ナメリカワシ
富山県,黒部市,クロベシ
富山県,砺波市,トナミシ
富山県,小矢部市,オヤベシ
富山県,南砺市,ナントシ
富山県,射水市,イミズシ
富山県,中新川郡舟橋村,ナカニイカワグンフナハシムラ
富山県,中新川郡上市町,ナカニイカワグンカミイチマチ
富山県,中新川郡立山町,ナカニイカワグンタテヤママチ
富山県,下新川郡入善町,シモニイカワグンニュウゼンマチ
富山県,下新川郡朝日町,シモニイカワグンアサヒマチ
石川県,金沢市,カナザワシ
石川県,七尾市,ナナオシ
石川県,小松市,コマツシ
石川県,輪島市,ワジマシ
石川県,珠洲市,スズシ
石川県,加賀市,カガシ
石川県,羽咋市,ハクイシ
石川県,かほく市,カホクシ
石川県,白山市,ハクサンシ
石川県,能美市,ノミシ
石川県,野々市市,ノノイチシ
石川県,能美郡川北町,ノミグンカワキタマチ
石川県,河北郡津幡町,カホクグンツバタマチ
石川県,河北郡内灘町,カホクグンウチナダマチ
石川県,羽咋郡志賀町,ハクイグンシカマチ
石川県,羽咋郡宝達志水町,ハクイグンホウダツシミズチョウ
石川県,鹿島郡中能登町,カシマグンナカノトマチ
石川県,鳳珠郡穴水町,ホウスグンアナミズマチ
石川県,鳳珠郡能登町,ホウスグンノトチョウ
福井県,福井市,フクイシ
福井県,敦賀市,ツルガシ
福井県,小浜市,オバマシ
福井県,大野市,オオノシ
福井県,勝山市,カツヤマシ
福井県,鯖江市,サバエシ
福井県,あわら市,アワラシ
福井県,越前市,エチゼンシ
福井県,坂井市,サカイシ
福井県,吉田郡永平寺町,ヨシダグンエイヘイジチョウ
福井県,今立郡池田町,イマダテグンイケダチョウ
福井県,南条郡南越前町,ナンジョウグンミナミエチゼンチョウ
福井県,丹生郡越前町,ニュウグンエチゼンチョウ
福井県,三方郡美浜町,ミカタグンミハマチョウ
福井県,大飯郡高浜町,オオイグンタカハマチョウ
福井県,大飯郡おおい町,オオイグンオオイチョウ
福井県,三方上中郡若狭町,ミカタカミナカグンワカサチョウ
山梨県,甲府市,コウフシ
山梨県,富士吉田市,フジヨシダシ
山梨県,都留市,ツルシ
山梨県,山梨市,ヤマナシシ
山梨県,大月市,オオツキシ
山梨県,韮崎市,ニラサキシ
山梨県,南アルプス市,ミナミアルプスシ
山梨県,北杜市,ホクトシ
山梨県,甲斐市,カイシ
山梨県,笛吹市,フエフキシ
山梨県,上野原市,ウエノハラシ
山梨県,甲州市,コウシュウシ
山梨県,中央市,チュウオウシ
山梨県,西八代郡市川三郷町,ニシヤツシログンイチカワミサトチョウ
山梨県,南巨摩郡早川町,ミナミコマグンハヤカワチョウ
山梨県,南巨摩郡身延町,ミナミコマグンミノブチョウ
山梨県,南巨摩郡南部町,ミナミコマグンナンブチョウ
山梨県,南巨摩郡富士川町,ミナミコマグンフジカワチョウ
山梨県,中巨摩郡昭和町,ナカコマグンショウワチョウ
山梨県,南都留郡道志村,ミナミツルグンドウシムラ
山梨県,南都留郡西桂町,ミナミツルグンニシカツラチョウ
山梨県,南都留郡忍野村,ミナミツルグンオシノムラ
山梨県,南都留郡山中湖村,ミナミツルグンヤマナカコムラ
山梨県,南都留郡鳴沢村,ミナミツルグンナルサワムラ
山梨県,南都留郡富士河口湖町,ミナミツルグンフジカワグチコマチ
山梨県,北都留郡小菅村,キタツルグンコスゲムラ
山梨県,北都留郡丹波山村,キタツルグンタバヤマムラ
長野県,長野市,ナガノシ
長野県,松本市,マツモトシ
長野県,上田市,ウエダシ
長野県,岡谷市,オカヤシ
長野県,飯田市,イイダシ
長野県,諏訪市,スワシ
長野県,須坂市,スザカシ
長野県,小諸市,コモロシ
長野県,伊那市,イナシ
長野県,駒ヶ根市,コマガネシ
長野県,中野市,ナカノシ
長野県,大町市,オオマチシ
長野県,飯山市,イイヤマシ
長野県,茅野市,チノシ
長野県,塩尻市,シオジリシ
長野県,佐久市,サクシ
長野県,千曲市,チクマシ
長野県,東御市,トウミシ
長野県,安曇野市,アヅミノシ
長野県,南佐久郡小海町,ミナミサクグンコウミマチ
長野県,南佐久郡川上村,ミナミサクグンカワカミムラ
長野県,南佐久郡南牧村,ミナミサクグンミナミマキムラ
長野県,南佐久郡南相木村,ミナミサクグンミナミアイキムラ
長野県,南佐久郡北相木村,ミナミサクグンキタアイキムラ
長野県,南佐久郡佐久穂町,ミナミサクグンサクホマチ
長野県,北佐久郡軽井沢町,キタサクグンカルイザワマチ
長野県,北佐久郡御代田町,キタサクグンミヨタマチ
長野県,北佐久郡立科町,キタサクグンタテシナマチ
長野県,小県郡青木村,チイサガタグンアオキムラ
長野県,小県郡長和町,チイサガタグンナガワマチ
長野県,諏訪郡下諏訪町,スワグンシモスワマチ
長野県,諏訪郡富士見町,スワグンフジミマチ
長野県,諏訪郡原村,スワグンハラムラ
長野県,上伊那郡辰野町,カミイナグンタツノマチ
長野県,上伊那郡箕輪町,カミイナグンミノワマチ
長野県,上伊那郡飯島町,カミイナグンイイジママチ
長野県,上伊那郡南箕輪村,カミイナグンミナミミノワムラ
長野県,上伊那郡中川村,カミイナグンナカガワムラ
長野県,上伊那郡宮田村,カミイナグンミヤダムラ
長野県,下伊那郡松川町,シモイナグンマツカワマチ
長野県,下伊那郡高森町,シモイナグンタカモリマチ
長野県,下伊那郡阿南町,シモイナグンアナンチョウ
長野県,下伊那郡阿智村,シモイナグンアチムラ
長野県,下伊那郡平谷村,シモイナグンヒラヤムラ
長野県,下伊那郡根羽村,シモイナグンネバムラ
長野県,下伊那郡下條村,シモイナグンシモジョウムラ
長野県,下伊那郡売木村,シモイナグンウルギムラ
長野県,下伊那郡天龍村,シモイナグンテンリュウムラ
長野県,下伊那郡泰阜村,シモイナグンヤスオカムラ
長野県,下伊那郡喬木村,シモイナグンタカギムラ
長野県,下伊那郡豊丘村,シモイナグントヨオカムラ
長野県,下伊那郡大鹿村,シモイナグンオオシカムラ
長野県,木曽郡上松町,キソグンアゲマツマチ
長野県,木曽郡南木曽町,キソグンナギソマチ
長野県,木曽郡木祖村,キソグンキソムラ
長野県,木曽郡王滝村,キソグンオウタキムラ
長野県,木曽郡大桑村,キソグンオオクワムラ
長野県,木曽郡木曽町,キソグンキソマチ
長野県,東筑摩郡麻績村,ヒガシチクマグンオミムラ
長野県,東筑摩郡生坂村,ヒガシチクマグンイクサカムラ
長野県,東筑摩郡山形村,ヒガシチクマグンヤマガタムラ
長野県,東筑摩郡朝日村,ヒガシチクマグンアサヒムラ
長野県,東筑摩郡筑北村,ヒガシチクマグンチクホクムラ
長野県,北安曇郡池田町,キタアヅミグンイケダマチ
長野県,北安曇郡松川村,キタアヅミグンマツカワムラ
長野県,北安曇郡白馬村,キタアヅミグンハクバムラ
長野県,北安曇郡小谷村,キタアヅミグンオタリムラ
長野県,埴科郡坂城町,ハニシナグンサカキマチ
長野県,上高井郡小布施町,カミタカイグンオブセマチ
長野県,上高井郡高山村,カミタカイグンタカヤマムラ
長野県,下高井郡山ノ内町,シモタカイグンヤマノウチマチ
長野県,下高井郡木島平村,シモタカイグンキジマダイラムラ
長野県,下高井郡野沢温泉村,シモタカイグンノザワオンセンムラ
長野県,上水内郡信濃町,カミミノチグンシナノマチ
長野県,上水内郡小川村,カミミノチグンオガワムラ
長野県,上水内郡飯綱町,カミミノチグンイイヅナマチ
長野県,下水内郡栄村,シモミノチグンサカエムラ
岐阜県,岐阜市,ギフシ
岐阜県,大垣市,オオガキシ
岐阜県,高山市,タカヤマシ
岐阜県,多治見市,タジミシ
岐阜県,関市,セキシ
岐阜県,中津川市,ナカツガワシ
岐阜県,美濃市,ミノシ
岐阜県,瑞浪市,ミズナミシ
岐阜県,羽島市,ハシマシ
岐阜県,恵那市,エナシ
岐阜県,美濃加茂市,ミノカモシ
岐阜県,土岐市,トキシ
岐阜県,各務原市,カカミガハラシ
岐阜県,可児市,カニシ
岐阜県,山県市,ヤマガタシ
岐阜県,瑞穂市,ミズホシ
岐阜県,飛騨市,ヒダシ
岐阜県,本巣市,モトスシ
岐阜県,郡上市,グジョウシ
岐阜県,下呂市,ゲロシ
岐阜県,海津市,カイヅシ
岐阜県,羽島郡岐南町,ハシマグンギナンチョウ
岐阜県,羽島郡笠松町,ハシマグンカサマツチョウ
岐阜県,養老郡養老町,ヨウロウグンヨウロウチョウ
岐阜県,不破郡垂井町,フワグンタルイチョウ
岐阜県,不破郡関ケ原町,フワグンセキガハラチョウ
岐阜県,安八郡神戸町,アンパチグンゴウドチョウ
岐阜県,安八郡輪之内町,アンパチグンワノウチチョウ
岐阜県,安八郡安八町,アンパチグンアンパチチョウ
岐阜県,揖斐郡揖斐川町,イビグンイビガワチョウ
岐阜県,揖斐郡大野町,イビグンオオノチョウ
岐阜県,揖斐郡池田町,イビグンイケダチョウ
岐阜県,本巣郡北方町,モトスグンキタガタチョウ
岐阜県,加茂郡坂祝町,カモグンサカホギチョウ
岐阜県,加茂郡富加町,カモグントミカチョウ
岐阜県,加茂郡川辺町,カモグンカワベチョウ
岐阜県,加茂郡七宗町,カモグンヒチソウチョウ
岐阜県,加茂郡八百津町,カモグンヤオツチョウ
岐阜県,加茂郡白川町,カモグンシラカワチョウ
岐阜県,加茂郡東白川村,カモグンヒガシシラカワムラ
岐阜県,可児郡御嵩町,カニグンミタケチョウ
岐阜県,大野郡白川村,オオノグンシラカワムラ
静岡県,静岡市葵区,シズオカシアオイク
静岡県,静岡市駿河区,シズオカシスルガク
静岡県,静岡市清水区,シズオカシシミズク
静岡県,浜松市中央区,ハママツシチュウオウク
静岡県,浜松市浜名区,ハママツシハマナク
静岡県,浜松市天竜区,ハママツシテンリュウク
静岡県,沼津市,ヌマヅシ
静岡県,熱海市,アタミシ
静岡県,三島市,ミシマシ
静岡県,富士宮市,フジノミヤシ
静岡県,伊東市,イトウシ
静岡県,島田市,シマダシ
静岡県,富士市,フジシ
静岡県,磐田市,イワタシ
静岡県,焼津市,ヤイヅシ
静岡県,掛川市,カケガワシ
静岡県,藤枝市,フジエダシ
静岡県,御殿場市,ゴテンバシ
静岡県,袋井市,フクロイシ
静岡県,下田市,シモダシ
静岡県,裾野市,スソノシ
静岡県,湖西市,コサイシ
静岡県,伊豆市,イズシ
静岡県,御前崎市,オマエザキシ
静岡県,菊川市,キクガワシ
静岡県,伊豆の国市,イズノクニシ
静岡県,牧之原市,マキノハラシ
静岡県,賀茂郡東伊豆町,カモグンヒガシイズチョウ
静岡県,賀茂郡河津町,カモグンカワヅチョウ
静岡県,賀茂郡南伊豆町,カモグンミナミイズチョウ
静岡県,賀茂郡松崎町,カモグンマツザキチョウ
静岡県,賀茂郡西伊豆町,カモグンニシイズチョウ
静岡県,田方郡函南町,タガタグンカンナミチョウ
静岡県,駿東郡清水町,スントウグンシミズチョウ
静岡県,駿東郡長泉町,スントウグンナガイズミチョウ
静岡県,駿東郡小山町,スントウグンオヤマチョウ
静岡県,榛原郡吉田町,ハイバラグンヨシダチョウ
静岡県,榛原郡川根本町,ハイバラグンカワネホンチョウ
静岡県,周智郡森町,シュウチグンモリマチ
愛知県,名古屋市千種区,ナゴヤシチクサク
愛知県,名古屋市東区,ナゴヤシヒガシク
愛知県,名古屋市北区,ナゴヤシキタク
愛知県,名古屋市西区,ナゴヤシニシク
愛知県,名古屋市中村区,ナゴヤシナカムラク
愛知県,名古屋市中区,ナゴヤシナカク
愛知県,名古屋市昭和区,ナゴヤシショウワク
愛知県,名古屋市瑞穂区,ナゴヤシミズホク
愛知県,名古屋市熱田区,ナゴヤシアツタク
愛知県,名古屋市中川区,ナゴヤシナカガワク
愛知県,名古屋市港区,ナゴヤシミナトク
愛知県,名古屋市南区,ナゴヤシミナミク
愛知県,名古屋市守山区,ナゴヤシモリヤマク
愛知県,名古屋市緑区,ナゴヤシミドリク
愛知県,名古屋市名東区,ナゴヤシメイトウク
愛知県,名古屋市天白区,ナゴヤシテンパクク
愛知県,豊橋市,トヨハシシ
愛知県,岡崎市,オカザキシ
愛知県,一宮市,イチノミヤシ
愛知県,瀬戸市,セトシ
愛知県,半田市,ハンダシ
愛知県,春日井市,カスガイシ
愛知県,豊川市,トヨカワシ
愛知県,津島市,ツシマシ
愛知県,碧南市,ヘキナンシ
愛知県,刈谷市,カリヤシ
愛知県,豊田市,トヨタシ
愛知県,安城市,アンジョウシ
愛知県,西尾市,ニシオシ
愛知県,蒲郡市,ガマゴオリシ
愛知県,犬山市,イヌヤマシ
愛知県,常滑市,トコナメシ
愛知県,江南市,コウナンシ
愛知県,小牧市,コマキシ
愛知県,稲沢市,イナザワシ
愛知県,新城市,シンシロシ
愛知県,東海市,トウカイシ
愛知県,大府市,オオブシ
愛知県,知多市,チタシ
愛知県,知立市,チリュウシ
愛知県,尾張旭市,オワリアサヒシ
愛知県,高浜市,タカハマシ
愛知県,岩倉市,イワクラシ
愛知県,豊明市,トヨアケシ
愛知県,日進市,ニッシンシ
愛知県,田原市,タハラシ
愛知県,愛西市,アイサイシ
愛知県,清須市,キヨスシ
愛知県,北名古屋市,キタナゴヤシ
愛知県,弥富市,ヤトミシ
愛知県,みよし市,ミヨシシ
愛知県,あま市,アマシ
愛知県,長久手市,ナガクテシ
愛知県,愛知郡東郷町,アイチグントウゴウチョウ
愛知県,西春日井郡豊山町,ニシカスガイグントヨヤマチョウ
愛知県,丹羽郡大口町,ニワグンオオグチチョウ
愛知県,丹羽郡扶桑町,ニワグンフソウチョウ
愛知県,海部郡大治町,アマグンオオハルチョウ
愛知県,海部郡蟹江町,アマグンカニエチョウ
愛知県,海部郡飛島村,アマグントビシマムラ
愛知県,知多郡阿久比町,チタグンアグイチョウ
愛知県,知多郡東浦町,チタグンヒガシウラチョウ
愛知県,知多郡南知多町,チタグンミナミチタチョウ
愛知県,知多郡美浜町,チタグンミハマチョウ
愛知県,知多郡武豊町,チタグンタケトヨチョウ
愛知県,額田郡幸田町,ヌカタグンコウタチョウ
愛知県,北設楽郡設楽町,キタシタラグンシタラチョウ
愛知県,北設楽郡東栄町,キタシタラグントウエイチョウ
愛知県,北設楽郡豊根村,キタシタラグントヨネムラ
三重県,津市,ツシ
三重県,四日市市,ヨッカイチシ
三重県,伊勢市,イセシ
三重県,松阪市,マツサカシ
三重県,桑名市,クワナシ
三重県,鈴鹿市,スズカシ
三重県,名張市,ナバリシ
三重県,尾鷲市,オワセシ
三重県,亀山市,カメヤマシ
三重県,鳥羽市,トバシ
三重県,熊野市,クマノシ
三重県,いなべ市,イナベシ
三重県,志摩市,シマシ
三重県,伊賀市,イガシ
三重県,桑名郡木曽岬町,クワナグンキソサキチョウ
三重県,員弁郡東員町,イナベグントウインチョウ
三重県,三重郡菰野町,ミエグンコモノチョウ
三重県,三重郡朝日町,ミエグンアサヒチョウ
三重県,三重郡川越町,ミエグンカワゴエチョウ
三重県,多気郡多気町,タキグンタキチョウ
三重県,多気郡明和町,タキグンメイワチョウ
三重県,多気郡大台町,タキグンオオダイチョウ
三重県,度会郡玉城町,ワタライグンタマキチョウ
三重県,度会郡度会町,ワタライグンワタライチョウ
三重県,度会郡大紀町,ワタライグンタイキチョウ
三重県,度会郡南伊勢町,ワタライグンミナミイセチョウ
三重県,北牟婁郡紀北町,キタムログンキホクチョウ
三重県,南牟婁郡御浜町,ミナミムログンミハマチョウ
三重県,南牟婁郡紀宝町,ミナミムログンキホウチョウ
滋賀県,大津市,オオツシ
滋賀県,彦根市,ヒコネシ
滋賀県,長浜市,ナガハマシ
滋賀県,近江八幡市,オウミハチマンシ
滋賀県,草津市,クサツシ
滋賀県,守山市,モリヤマシ
滋賀県,栗東市,リットウシ
滋賀県,甲賀市,コウカシ
滋賀県,野洲市,ヤスシ
滋賀県,湖南市,コナンシ
滋賀県,高島市,タカシマシ
滋賀県,東近江市,ヒガシオウミシ
滋賀県,米原市,マイバラシ
滋賀県,蒲生郡日野町,ガモウグンヒノチョウ
滋賀県,蒲生郡竜王町,ガモウグンリュウオウチョウ
滋賀県,愛知郡愛荘町,エチグンアイショウチョウ
滋賀県,犬上郡豊郷町,イヌカミグントヨサトチョウ
滋賀県,犬上郡甲良町,イヌカミグンコウラチョウ
滋賀県,犬上郡多賀町,イヌカミグンタガチョウ
京都府,京都市北区,キョウトシキタク
京都府,京都市上京区,キョウトシカミギョウク
京都府,京都市左京区,キョウトシサキョウク
京都府,京都市中京区,キョウトシナカギョウク
京都府,京都市東山区,キョウトシヒガシヤマク
京都府,京都市下京区,キョウトシシモギョウク
京都府,京都市南区,キョウトシミナミク
京都府,京都市右京区,キョウトシウキョウク
京都府,京都市伏見区,キョウトシフシミク
京都府,京都市山科区,キョウトシヤマシナク
京都府,京都市西京区,キョウトシニシキョウク
京都府,福知山市,フクチヤマシ
京都府,舞鶴市,マイヅルシ
京都府,綾部市,アヤベシ
京都府,宇治市,ウジシ
京都府,宮津市,ミヤヅシ
京都府,亀岡市,カメオカシ
京都府,城陽市,ジョウヨウシ
京都府,向日市,ムコウシ
京都府,長岡京市,ナガオカキョウシ
京都府,八幡市,ヤワタシ
京都府,京田辺市,キョウタナベシ
京都府,京丹後市,キョウタンゴシ
京都府,南丹市,ナンタンシ
京都府,木津川市,キヅガワシ
京都府,乙訓郡大山崎町,オトクニグンオオヤマザキチョウ
京都府,久世郡久御山町,クセグンクミヤマチョウ
京都府,綴喜郡井手町,ツヅキグンイデチョウ
京都府,綴喜郡宇治田原町,ツヅキグンウジタワラチョウ
京都府,相楽郡笠置町,ソウラクグンカサギチョウ
京都府,相楽郡和束町,ソウラクグンワヅカチョウ
京都府,相楽郡精華町,ソウラクグンセイカチョウ
京都府,相楽郡南山城村,ソウラクグンミナミヤマシロムラ
京都府,船井郡京丹波町,フナイグンキョウタンバチョウ
京都府,与謝郡伊根町,ヨサグンイネチョウ
京都府,与謝郡与謝野町,ヨサグンヨサノチョウ
大阪府,大阪市都島区,オオサカシミヤコジマク
大阪府,大阪市福島区,オオサカシフクシマク
大阪府,大阪市此花区,オオサカシコノハナク
大阪府,大阪市西区,オオサカシニシク
大阪府,大阪市港区,オオサカシミナトク
大阪府,大阪市大正区,オオサカシタイショウク
大阪府,大阪市天王寺区,オオサカシテンノウジク
大阪府,大阪市浪速区,オオサカシナニワク
大阪府,大阪市西淀川区,オオサカシニシヨドガワク
大阪府,大阪市東淀川区,オオサカシヒガシヨドガワク
大阪府,大阪市東成区,オオサカシヒガシナリク
大阪府,大阪市生野区,オオサカシイクノク
大阪府,大阪市旭区,オオサカシアサヒク
大阪府,大阪市城東区,オオサカシジョウトウク
大阪府,大阪市阿倍野区,オオサカシアベノク
大阪府,大阪市住吉区,オオサカシスミヨシク
大阪府,大阪市東住吉区,オオサカシヒガシスミヨシク
大阪府,大阪市西成区,オオサカシニシナリク
大阪府,大阪市淀川区,オオサカシヨドガワク
大阪府,大阪市鶴見区,オオサカシツルミク
大阪府,大阪市住之江区,オオサカシスミノエク
大阪府,大阪市平野区,オオサカシヒラノク
大阪府,大阪市北区,オオサカシキタク
大阪府,大阪市中央区,オオサカシチュウオウク
大阪府,堺市堺区,サカイシサカイク
大阪府,堺市中区,サカイシナカク
大阪府,堺市東区,サカイシヒガシク
大阪府,堺市西区,サカイシニシク
大阪府,堺市南区,サカイシミナミク
大阪府,堺市北区,サカイシキタク
大阪府,堺市美原区,サカイシミハラク
大阪府,岸和田市,キシワダシ
大阪府,豊中市,トヨナカシ
大阪府,池田市,イケダシ
大阪府,吹田市,スイタシ
大阪府,泉大津市,イズミオオツシ
大阪府,高槻市,タカツキシ
大阪府,貝塚市,カイヅカシ
大阪府,守口市,モリグチシ
大阪府,枚方市,ヒラカタシ
大阪府,茨木市,イバラキシ
大阪府,八尾市,ヤオシ
大阪府,泉佐野市,イズミサノシ
大阪府,富田林市,トンダバヤシシ
大阪府,寝屋川市,ネヤガワシ
大阪府,河内長野市,カワチナガノシ
大阪府,松原市,マツバラシ
大阪府,大東市,ダイトウシ
大阪府,和泉市,イズミシ
大阪府,箕面市,ミノオシ
大阪府,柏原市,カシワラシ
大阪府,羽曳野市,ハビキノシ
大阪府,門真市,カドマシ
大阪府,摂津市,セッツシ
大阪府,高石市,タカイシシ
大阪府,藤井寺市,フジイデラシ
大阪府,東大阪市,ヒガシオオサカシ
大阪府,泉南市,センナンシ
大阪府,四條畷市,シジョウナワテシ
大阪府,交野市,カタノシ
大阪府,大阪狭山市,オオサカサヤマシ
大阪府,阪南市,ハンナンシ
大阪府,三島郡島本町,ミシマグンシマモトチョウ
大阪府,豊能郡豊能町,トヨノグントヨノチョウ
大阪府,豊能郡能勢町,トヨノグンノセチョウ
大阪府,泉北郡忠岡町,センボクグンタダオカチョウ
大阪府,泉南郡熊取町,センナングンクマトリチョウ
大阪府,泉南郡田尻町,センナングンタジリチョウ
大阪府,泉南郡岬町,センナングンミサキチョウ
大阪府,南河内郡太子町,ミナミカワチグンタイシチョウ
大阪府,南河内郡河南町,ミナミカワチグンカナンチョウ
大阪府,南河内郡千早赤阪村,ミナミカワチグンチハヤアカサカムラ
兵庫県,神戸市東灘区,コウベシヒガシナダク
兵庫県,神戸市灘区,コウベシナダク
兵庫県,神戸市兵庫区,コウベシヒョウゴク
兵庫県,神戸市長田区,コウベシナガタク
兵庫県,神戸市須磨区,コウベシスマク
兵庫県,神戸市垂水区,コウベシタルミク
兵庫県,神戸市北区,コウベシキタク
兵庫県,神戸市中央区,コウベシチュウオウク
兵庫県,神戸市西区,コウベシニシク
兵庫県,姫路市,ヒメジシ
兵庫県,尼崎市,アマガサキシ
兵庫県,明石市,アカシシ
兵庫県,西宮市,ニシノミヤシ
兵庫県,洲本市,スモトシ
兵庫県,芦屋市,アシヤシ
兵庫県,伊丹市,イタミシ
兵庫県,相生市,アイオイシ
兵庫県,豊岡市,トヨオカシ
兵庫県,加古川市,カコガワシ
兵庫県,赤穂市,アコウシ
兵庫県,西脇市,ニシワキシ
兵庫県,宝塚市,タカラヅカシ
兵庫県,三木市,ミキシ
兵庫県,高砂市,タカサゴシ
兵庫県,川西市,カワニシシ
兵庫県,小野市,オノシ
兵庫県,三田市,サンダシ
兵庫県,加西市,カサイシ
兵庫県,丹波篠山市,タンバササヤマシ
兵庫県,養父市,ヤブシ
兵庫県,丹波市,タンバシ
兵庫県,南あわじ市,ミナミアワジシ
兵庫県,朝来市,アサゴシ
兵庫県,淡路市,アワジシ
兵庫県,宍粟市,シソウシ
兵庫県,加東市,カトウシ
兵庫県,たつの市,タツノシ
兵庫県,川辺郡猪名川町,カワベグンイナガワチョウ
兵庫県,多可郡多可町,タカグンタカチョウ
兵庫県,加古郡稲美町,カコグンイナミチョウ
兵庫県,加古郡播磨町,カコグンハリマチョウ
兵庫県,神崎郡市川町,カンザキグンイチカワチョウ
兵庫県,神崎郡福崎町,カンザキグンフクサキチョウ
兵庫県,神崎郡神河町,カンザキグンカミカワチョウ
兵庫県,揖保郡太子町,イボグンタイシチョウ
兵庫県,赤穂郡上郡町,アコウグンカミゴオリチョウ
兵庫県,佐用郡佐用町,サヨウグンサヨウチョウ
兵庫県,美方郡香美町,ミカタグンカミチョウ
兵庫県,美方郡新温泉町,ミカタグンシンオンセンチョウ
奈良県,奈良市,ナラシ
奈良県,大和高田市,ヤマトタカダシ
奈良県,大和郡山市,ヤマトコオリヤマシ
奈良県,天理市,テンリシ
奈良県,橿原市,カシハラシ
奈良県,桜井市,サクライシ
奈良県,五條市,ゴジョウシ
奈良県,御所市,ゴセシ
奈良県,生駒市,イコマシ
奈良県,香芝市,カシバシ
奈良県,葛城市,カツラギシ
奈良県,宇陀市,ウダシ
奈良県,山辺郡山添村,ヤマベグンヤマゾエムラ
奈良県,生駒郡平群町,イコマグンヘグリチョウ
奈良県,生駒郡三郷町,イコマグンサンゴウチョウ
奈良県,生駒郡斑鳩町,イコマグンイカルガチョウ
奈良県,生駒郡安堵町,イコマグンアンドチョウ
奈良県,磯城郡川西町,シキグンカワニシチョウ
奈良県,磯城郡三宅町,シキグンミヤケチョウ
奈良県,磯城郡田原本町,シキグンタワラモトチョウ
奈良県,宇陀郡曽爾村,ウダグンソニムラ
奈良県,宇陀郡御杖村,ウダグンミツエムラ
奈良県,高市郡高取町,タカイチグンタカトリチョウ
奈良県,高市郡明日香村,タカイチグンアスカムラ
奈良県,北葛城郡上牧町,キタカツラギグンカンマキチョウ
奈良県,北葛城郡王寺町,キタカツラギグンオウジチョウ
奈良県,北葛城郡広陵町,キタカツラギグンコウリョウチョウ
奈良県,北葛城郡河合町,キタカツラギグンカワイチョウ
奈良県,吉野郡吉野町,ヨシノグンヨシノチョウ
奈良県,吉野郡大淀町,ヨシノグンオオヨドチョウ
奈良県,吉野郡下市町,ヨシノグンシモイチチョウ
奈良県,吉野郡黒滝村,ヨシノグンクロタキムラ
奈良県,吉野郡天川村,ヨシノグンテンカワムラ
奈良県,吉野郡野迫川村,ヨシノグンノセガワムラ
奈良県,吉野郡十津川村,ヨシノグントツカワムラ
奈良県,吉野郡下北山村,ヨシノグンシモキタヤマムラ
奈良県,吉野郡上北山村,ヨシノグンカミキタヤマムラ
奈良県,吉野郡川上村,ヨシノグンカワカミムラ
奈良県,吉野郡東吉野村,ヨシノグンヒガシヨシノムラ
和歌山県,和歌山市,ワカヤマシ
和歌山県,海南市,カイナンシ
和歌山県,橋本市,ハシモトシ
和歌山県,有田市,アリダシ
和歌山県,御坊市,ゴボウシ
和歌山県,田辺市,タナベシ
和歌山県,新宮市,シングウシ
和歌山県,紀の川市,キノカワシ
和歌山県,岩出市,イワデシ
和歌山県,海草郡紀美野町,カイソウグンキミノチョウ
和歌山県,伊都郡かつらぎ町,イトグンカツラギチョウ
和歌山県,伊都郡九度山町,イトグンクドヤマチョウ
和歌山県,伊都郡高野町,イトグンコウヤチョウ
和歌山県,有田郡湯浅町,アリダグンユアサチョウ
和歌山県,有田郡広川町,アリダグンヒロガワチョウ
和歌山県,有田郡有田川町,アリダグンアリダガワチョウ
和歌山県,日高郡美浜町,ヒダカグンミハマチョウ
和歌山県,日高郡日高町,ヒダカグンヒダカチョウ
和歌山県,日高郡由良町,ヒダカグンユラチョウ
和歌山県,日高郡印南町,ヒダカグンイナミチョウ
和歌山県,日高郡みなべ町,ヒダカグンミナベチョウ
和歌山県,日高郡日高川町,ヒダカグンヒダカガワチョウ
和歌山県,西牟婁郡白浜町,ニシムログンシラハマチョウ
和歌山県,西牟婁郡上富田町,ニシムログンカミトンダチョウ
和歌山県,西牟婁郡すさみ町,ニシムログンスサミチョウ
和歌山県,東牟婁郡那智勝浦町,ヒガシムログンナチカツウラチョウ
和歌山県,東牟婁郡太地町,ヒガシムログンタイジチョウ
和歌山県,東牟婁郡古座川町,ヒガシムログンコザガワチョウ
和歌山県,東牟婁郡北山村,ヒガシムログンキタヤマムラ
和歌山県,東牟婁郡串本町,ヒガシムログンクシモトチョウ
鳥取県,鳥取市,トットリシ
鳥取県,米子市,ヨナゴシ
鳥取県,倉吉市,クラヨシシ
鳥取県,境港市,サカイミナトシ
鳥取県,岩美郡岩美町,イワミグンイワミチョウ
鳥取県,八頭郡若桜町,ヤズグンワカサチョウ
鳥取県,八頭郡智頭町,ヤズグンチヅチョウ
鳥取県,八頭郡八頭町,ヤズグンヤズチョウ
鳥取県,東伯郡三朝町,トウハクグンミササチョウ
鳥取県,東伯郡湯梨浜町,トウハクグンユリハマチョウ
鳥取県,東伯郡琴浦町,トウハクグンコトウラチョウ
鳥取県,東伯郡北栄町,トウハクグンホクエイチョウ
鳥取県,西伯郡日吉津村,サイハクグンヒエヅソン
鳥取県,西伯郡大山町,サイハクグンダイセンチョウ
鳥取県,西伯郡南部町,サイハクグンナンブチョウ
鳥取県,西伯郡伯耆町,サイハクグンホウキチョウ
鳥取県,日野郡日南町,ヒノグンニチナンチョウ
鳥取県,日野郡日野町,ヒノグンヒノチョウ
鳥取県,日野郡江府町,ヒノグンコウフチョウ
島根県,松江市,マツエシ
島根県,浜田市,ハマダシ
島根県,出雲市,イズモシ
島根県,益田市,マスダシ
島根県,大田市,オオダシ
島根県,安来市,ヤスギシ
島根県,江津市,ゴウツシ
島根県,雲南市,ウンナンシ
島根県,仁多郡奥出雲町,ニタグンオクイズモチョウ
島根県,飯石郡飯南町,イイシグンイイナンチョウ
島根県,邑智郡川本町,オオチグンカワモトマチ
島根県,邑智郡美郷町,オオチグンミサトチョウ
島根県,邑智郡邑南町,オオチグンオオナンチョウ
島根県,鹿足郡津和野町,カノアシグンツワノチョウ
島根県,鹿足郡吉賀町,カノアシグンヨシカチョウ
島根県,隠岐郡海士町,オキグンアマチョウ
島根県,隠岐郡西ノ島町,オキグンニシノシマチョウ
島根県,隠岐郡知夫村,オキグンチブムラ
島根県,隠岐郡隠岐の島町,オキグンオキノシマチョウ
岡山県,岡山市北区,オカヤマシキタク
岡山県,岡山市中区,オカヤマシナカク
岡山県,岡山市東区,オカヤマシヒガシク
岡山県,岡山市南区,オカヤマシミナミク
岡山県,倉敷市,クラシキシ
岡山県,津山市,ツヤマシ
岡山県,玉野市,タマノシ
岡山県,笠岡市,カサオカシ
岡山県,井原市,イバラシ
岡山県,総社市,ソウジャシ
岡山県,高梁市,タカハシシ
岡山県,新見市,ニイミシ
岡山県,備前市,ビゼンシ
岡山県,瀬戸内市,セトウチシ
岡山県,赤磐市,アカイワシ
岡山県,真庭市,マニワシ
岡山県,美作市,ミマサカシ
岡山県,浅口市,アサクチシ
岡山県,和気郡和気町,ワケグンワケチョウ
岡山県,都窪郡早島町,ツクボグンハヤシマチョウ
岡山県,浅口郡里庄町,アサクチグンサトショウチョウ
岡山県,小田郡矢掛町,オダグンヤカゲチョウ
岡山県,真庭郡新庄村,マニワグンシンジョウソン
岡山県,苫田郡鏡野町,トマタグンカガミノチョウ
岡山県,勝田郡勝央町,カツタグンショウオウチョウ
岡山県,勝田郡奈義町,カツタグンナギチョウ
岡山県,英田郡西粟倉村,アイダグンニシアワクラソン
岡山県,久米郡久米南町,クメグンクメナンチョウ
岡山県,久米郡美咲町,クメグンミサキチョウ
岡山県,加賀郡吉備中央町,カガグンキビチュウオウチョウ
広島県,広島市中区,ヒロシマシナカク
広島県,広島市東区,ヒロシマシヒガシク
広島県,広島市南区,ヒロシマシミナミク
広島県,広島市西区,ヒロシマシニシク
広島県,広島市安佐南区,ヒロシマシアサミナミク
広島県,広島市安佐北区,ヒロシマシアサキタク
広島県,広島市安芸区,ヒロシマシアキク
広島県,広島市佐伯区,ヒロシマシサエキク
広島県,呉市,クレシ
広島県,竹原市,タケハラシ
広島県,三原市,ミハラシ
広島県,尾道市,オノミチシ
広島県,福山市,フクヤマシ
広島県,府中市,フチュウシ
広島県,三次市,ミヨシシ
広島県,庄原市,ショウバラシ
広島県,大竹市,オオタケシ
広島県,東広島市,ヒガシヒロシマシ
広島県,廿日市市,ハツカイチシ
広島県,安芸高田市,アキタカタシ
広島県,江田島市,エタジマシ
広島県,安芸郡府中町,アキグンフチュウチョウ
広島県,安芸郡海田町,アキグンカイタチョウ
広島県,安芸郡熊野町,アキグンクマノチョウ
広島県,安芸郡坂町,アキグンサカチョウ
広島県,山県郡安芸太田町,ヤマガタグンアキオオタチョウ
広島県,山県郡北広島町,ヤマガタグンキタヒロシマチョウ
広島県,豊田郡大崎上島町,トヨタグンオオサキカミジマチョウ
広島県,世羅郡世羅町,セラグンセラチョウ
広島県,神石郡神石高原町,ジンセキグンジンセキコウゲンチョウ
山口県,下関市,シモノセキシ
山口県,宇部市,ウベシ
山口県,山口市,ヤマグチシ
山口県,萩市,ハギシ
山口県,防府市,ホウフシ
山口県,下松市,クダマツシ
山口県,岩国市,イワクニシ
山口県,光市,ヒカリシ
山口県,長門市,ナガトシ
山口県,柳井市,ヤナイシ
山口県,美祢市,ミネシ
山口県,周南市,シュウナンシ
山口県,山陽小野田市,サンヨウオノダシ
山口県,大島郡周防大島町,オオシマグンスオウオオシマチョウ
山口県,玖珂郡和木町,クガグンワキチョウ
山口県,熊毛郡上関町,クマゲグンカミノセキチョウ
山口県,熊毛郡田布施町,クマゲグンタブセチョウ
山口県,熊毛郡平生町,クマゲグンヒラオチョウ
山口県,阿武郡阿武町,アブグンアブチョウ
徳島県,徳島市,トクシマシ
徳島県,鳴門市,ナルトシ
徳島県,小松島市,コマツシマシ
徳島県,阿南市,アナンシ
徳島県,吉野川市,ヨシノガワシ
徳島県,阿波市,アワシ
徳島県,美馬市,ミマシ
徳島県,三好市,ミヨシシ
徳島県,勝浦郡勝浦町,カツウラグンカツウラチョウ
徳島県,勝浦郡上勝町,カツウラグンカミカツチョウ
徳島県,名東郡佐那河内村,ミョウドウグンサナゴウチソン
徳島県,名西郡石井町,ミョウザイグンイシイチョウ
徳島県,名西郡神山町,ミョウザイグンカミヤマチョウ
徳島県,那賀郡那賀町,ナカグンナカチョウ
徳島県,海部郡牟岐町,カイフグンムギチョウ
徳島県,海部郡美波町,カイフグンミナミチョウ
徳島県,海部郡海陽町,カイフグンカイヨウチョウ
徳島県,板野郡松茂町,イタノグンマツシゲチョウ
徳島県,板野郡北島町,イタノグンキタジマチョウ
徳島県,板野郡藍住町,イタノグンアイズミチョウ
徳島県,板野郡板野町,イタノグンイタノチョウ
徳島県,板野郡上板町,イタノグンカミイタチョウ
徳島県,美馬郡つるぎ町,ミマグンツルギチョウ
徳島県,三好郡東みよし町,ミヨシグンヒガシミヨシチョウ
香川県,高松市,タカマツシ
香川県,丸亀市,マルガメシ
香川県,坂出市,サカイデシ
香川県,善通寺市,ゼンツウジシ
香川県,観音寺市,カンオンジシ
香川県,さぬき市,サヌキシ
香川県,東かがわ市,ヒガシカガワシ
香川県,三豊市,ミトヨシ
香川県,小豆郡土庄町,ショウズグントノショウチョウ
香川県,小豆郡小豆島町,ショウズグンショウドシマチョウ
香川県,木田郡三木町,キタグンミキチョウ
香川県,香川郡直島町,カガワグンナオシマチョウ
香川県,綾歌郡宇多津町,アヤウタグンウタヅチョウ
香川県,綾歌郡綾川町,アヤウタグンアヤガワチョウ
香川県,仲多度郡琴平町,ナカタドグンコトヒラチョウ
香川県,仲多度郡多度津町,ナカタドグンタドツチョウ
香川県,仲多度郡まんのう町,ナカタドグンマンノウチョウ
愛媛県,松山市,マツヤマシ
愛媛県,今治市,イマバリシ
愛媛県,宇和島市,ウワジマシ
愛媛県,八幡浜市,ヤワタハマシ
愛媛県,新居浜市,ニイハマシ
愛媛県,西条市,サイジョウシ
愛媛県,大洲市,オオズシ
愛媛県,伊予市,イヨシ
愛媛県,四国中央市,シコクチュウオウシ
愛媛県,西予市,セイヨシ
愛媛県,東温市,トウオンシ
愛媛県,越智郡上島町,オチグンカミジマチョウ
愛媛県,上浮穴郡久万高原町,カミウケナグンクマコウゲンチョウ
愛媛県,伊予郡松前町,イヨグンマサキチョウ
愛媛県,伊予郡砥部町,イヨグントベチョウ
愛媛県,喜多郡内子町,キタグンウチコチョウ
愛媛県,西宇和郡伊方町,ニシウワグンイカタチョウ
愛媛県,北宇和郡松野町,キタウワグンマツノチョウ
愛媛県,北宇和郡鬼北町,キタウワグンキホクチョウ
愛媛県,南宇和郡愛南町,ミナミウワグンアイナンチョウ
高知県,高知市,コウチシ
高知県,室戸市,ムロトシ
高知県,安芸市,アキシ
高知県,南国市,ナンコクシ
高知県,土佐市,トサシ
高知県,須崎市,スサキシ
高知県,宿毛市,スクモシ
高知県,土佐清水市,トサシミズシ
高知県,四万十市,シマントシ
高知県,香南市,コウナンシ
高知県,香美市,カミシ
高知県,安芸郡東洋町,アキグントウヨウチョウ
高知県,安芸郡奈半利町,アキグンナハリチョウ
高知県,安芸郡田野町,アキグンタノチョウ
高知県,安芸郡安田町,アキグンヤスダチョウ
高知県,安芸郡北川村,アキグンキタガワムラ
高知県,安芸郡馬路村,アキグンウマジムラ
高知県,安芸郡芸西村,アキグンゲイセイムラ
高知県,長岡郡本山町,ナガオカグンモトヤマチョウ
高知県,長岡郡大豊町,ナガオカグンオオトヨチョウ
高知県,土佐郡土佐町,トサグントサチョウ
高知県,土佐郡大川村,トサグンオオカワムラ
高知県,吾川郡いの町,アガワグンイノチョウ
高知県,吾川郡仁淀川町,アガワグンニヨドガワチョウ
高知県,高岡郡中土佐町,タカオカグンナカトサチョウ
高知県,高岡郡佐川町,タカオカグンサカワチョウ
高知県,高岡郡越知町,タカオカグンオチチョウ
高知県,高岡郡檮原町,タカオカグンユスハラチョウ
高知県,高岡郡日高村,タカオカグンヒダカムラ
高知県,高岡郡津野町,タカオカグンツノチョウ
高知県,高岡郡四万十町,タカオカグンシマントチョウ
高知県,幡多郡大月町,ハタグンオオツキチョウ
高知県,幡多郡三原村,ハタグンミハラムラ
高知県,幡多郡黒潮町,ハタグンクロシオチョウ
福岡県,北九州市門司区,キタキュウシュウシモジク
福岡県,北九州市若松区,キタキュウシュウシワカマツク
福岡県,北九州市戸畑区,キタキュウシュウシトバタク
福岡県,北九州市小倉北区,キタキュウシュウシコクラキタク
福岡県,北九州市小倉南区,キタキュウシュウシコクラミナミク
福岡県,北九州市八幡東区,キタキュウシュウシヤハタヒガシク
福岡県,北九州市八幡西区,キタキュウシュウシヤハタニシク
福岡県,福岡市東区,フクオカシヒガシク
福岡県,福岡市博多区,フクオカシハカタク
福岡県,福岡市中央区,フクオカシチュウオウク
福岡県,福岡市南区,フクオカシミナミク
福岡県,福岡市西区,フクオカシニシク
福岡県,福岡市城南区,フクオカシジョウナンク
福岡県,福岡市早良区,フクオカシサワラク
福岡県,大牟田市,オオムタシ
福岡県,久留米市,クルメシ
福岡県,直方市,ノオガタシ
福岡県,飯塚市,イイヅカシ
福岡県,田川市,タガワシ
福岡県,柳川市,ヤナガワシ
福岡県,八女市,ヤメシ
福岡県,筑後市,チクゴシ
福岡県,大川市,オオカワシ
福岡県,行橋市,ユクハシシ
福岡県,豊前市,ブゼンシ
福岡県,中間市,ナカマシ
福岡県,小郡市,オゴオリシ
福岡県,筑紫野市,チクシノシ
福岡県,春日市,カスガシ
福岡県,大野城市,オオノジョウシ
福岡県,宗像市,ムナカタシ
福岡県,太宰府市,ダザイフシ
福岡県,古賀市,コガシ
福岡県,福津市,フクツシ
福岡県,うきは市,ウキハシ
福岡県,宮若市,ミヤワカシ
福岡県,嘉麻市,カマシ
福岡県,朝倉市,アサクラシ
福岡県,みやま市,ミヤマシ
福岡県,糸島市,イトシマシ
福岡県,那珂川市,ナカガワシ
福岡県,糟屋郡宇美町,カスヤグンウミマチ
福岡県,糟屋郡篠栗町,カスヤグンササグリマチ
福岡県,糟屋郡志免町,カスヤグンシメマチ
福岡県,糟屋郡須惠町,カスヤグンスエマチ
福岡県,糟屋郡新宮町,カスヤグンシングウマチ
福岡県,糟屋郡久山町,カスヤグンヒサヤママチ
福岡県,糟屋郡粕屋町,カスヤグンカスヤマチ
福岡県,遠賀郡芦屋町,オンガグンアシヤマチ
福岡県,遠賀郡水巻町,オンガグンミズマキマチ
福岡県,遠賀郡岡垣町,オンガグンオカガキマチ
福岡県,遠賀郡遠賀町,オンガグンオンガチョウ
福岡県,鞍手郡小竹町,クラテグンコタケマチ
福岡県,鞍手郡鞍手町,クラテグンクラテマチ
福岡県,嘉穂郡桂川町,カホグンケイセンマチ
福岡県,朝倉郡筑前町,アサクラグンチクゼンマチ
福岡県,朝倉郡東峰村,アサクラグントウホウムラ
福岡県,三井郡大刀洗町,ミイグンタチアライマチ
福岡県,三潴郡大木町,ミズマグンオオキマチ
福岡県,八女郡広川町,ヤメグンヒロカワマチ
福岡県,田川郡香春町,タガワグンカワラマチ
福岡県,田川郡添田町,タガワグンソエダマチ
福岡県,田川郡糸田町,タガワグンイトダマチ
福岡県,田川郡川崎町,タガワグンカワサキマチ
福岡県,田川郡大任町,タガワグンオオトウマチ
福岡県,田川郡赤村,タガワグンアカムラ
福岡県,田川郡福智町,タガワグンフクチマチ
福岡県,京都郡苅田町,ミヤコグンカンダマチ
福岡県,京都郡みやこ町,ミヤコグンミヤコマチ
福岡県,築上郡吉富町,チクジョウグンヨシトミマチ
福岡県,築上郡上毛町,チクジョウグンコウゲマチ
福岡県,築上郡築上町,チクジョウグンチクジョウマチ
佐賀県,佐賀市,サガシ
佐賀県,唐津市,カラツシ
佐賀県,鳥栖市,トスシ
佐賀県,多久市,タクシ
佐賀県,伊万里市,イマリシ
佐賀県,武雄市,タケオシ
佐賀県,鹿島市,カシマシ
佐賀県,小城市,オギシ
佐賀県,嬉野市,ウレシノシ
佐賀県,神埼市,カンザキシ
佐賀県,神埼郡吉野ヶ里町,カンザキグンヨシノガリチョウ
佐賀県,三養基郡基山町,ミヤキグンキヤマチョウ
佐賀県,三養基郡上峰町,ミヤキグンカミミネチョウ
佐賀県,三養基郡みやき町,ミヤキグンミヤキチョウ
佐賀県,東松浦郡玄海町,ヒガシマツウラグンゲンカイチョウ
佐賀県,西松浦郡有田町,ニシマツウラグンアリタチョウ
佐賀県,杵島郡大町町,キシマグンオオマチチョウ
佐賀県,杵島郡江北町,キシマグンコウホクマチ
佐賀県,杵島郡白石町,キシマグンシロイシチョウ
佐賀県,藤津郡太良町,フジツグンタラチョウ
長崎県,長崎市,ナガサキシ
長崎県,佐世保市,サセボシ
長崎県,島原市,シマバラシ
長崎県,諫早市,イサハヤシ
長崎県,大村市,オオムラシ
長崎県,平戸市,ヒラドシ
長崎県,松浦市,マツウラシ
長崎県,対馬市,ツシマシ
長崎県,壱岐市,イキシ
長崎県,五島市,ゴトウシ
長崎県,西海市,サイカイシ
長崎県,雲仙市,ウンゼンシ
長崎県,南島原市,ミナミシマバラシ
長崎県,西彼杵郡長与町,ニシソノギグンナガヨチョウ
長崎県,西彼杵郡時津町,ニシソノギグントギツチョウ
長崎県,東彼杵郡東彼杵町,ヒガシソノギグンヒガシソノギチョウ
長崎県,東彼杵郡川棚町,ヒガシソノギグンカワタナチョウ
長崎県,東彼杵郡波佐見町,ヒガシソノギグンハサミチョウ
長崎県,北松浦郡小値賀町,キタマツウラグンオヂカチョウ
長崎県,北松浦郡佐々町,キタマツウラグンサザチョウ
長崎県,南松浦郡新上五島町,ミナミマツウラグンシンカミゴトウチョウ
熊本県,熊本市中央区,クマモトシチュウオウク
熊本県,熊本市東区,クマモトシヒガシク
熊本県,熊本市西区,クマモトシニシク
熊本県,熊本市南区,クマモトシミナミク
熊本県,熊本市北区,クマモトシキタク
熊本県,八代市,ヤツシロシ
熊本県,人吉市,ヒトヨシシ
熊本県,荒尾市,アラオシ
熊本県,水俣市,ミナマタシ
熊本県,玉名市,タマナシ
熊本県,山鹿市,ヤマガシ
熊本県,菊池市,キクチシ
熊本県,宇土市,ウトシ
熊本県,上天草市,カミアマクサシ
熊本県,宇城市,ウキシ
熊本県,阿蘇市,アソシ
熊本県,天草市,アマクサシ
熊本県,合志市,コウシシ
熊本県,下益城郡美里町,シモマシキグンミサトマチ
熊本県,玉名郡玉東町,タマナグンギョクトウマチ
熊本県,玉名郡南関町,タマナグンナンカンマチ
熊本県,玉名郡長洲町,タマナグンナガスマチ
熊本県,玉名郡和水町,タマナグンナゴミマチ
熊本県,菊池郡大津町,キクチグンオオヅマチ
熊本県,菊池郡菊陽町,キクチグンキクヨウマチ
熊本県,阿蘇郡南小国町,アソグンミナミオグニマチ
熊本県,阿蘇郡小国町,アソグンオグニマチ
熊本県,阿蘇郡産山村,アソグンウブヤマムラ
熊本県,阿蘇郡高森町,アソグンタカモリマチ
熊本県,阿蘇郡西原村,アソグンニシハラムラ
熊本県,阿蘇郡南阿蘇村,アソグンミナミアソムラ
熊本県,上益城郡御船町,カミマシキグンミフネマチ
熊本県,上益城郡嘉島町,カミマシキグンカシママチ
熊本県,上益城郡益城町,カミマシキグンマシキマチ
熊本県,上益城郡甲佐町,カミマシキグンコウサマチ
熊本県,上益城郡山都町,カミマシキグンヤマトチョウ
熊本県,八代郡氷川町,ヤツシログンヒカワチョウ
熊本県,葦北郡芦北町,アシキタグンアシキタマチ
熊本県,葦北郡津奈木町,アシキタグンツナギマチ
熊本県,球磨郡錦町,クマグンニシキマチ
熊本県,球磨郡多良木町,クマグンタラギマチ
熊本県,球磨郡湯前町,クマグンユノマエマチ
熊本県,球磨郡水上村,クマグンミズカミムラ
熊本県,球磨郡相良村,クマグンサガラムラ
熊本県,球磨郡五木村,クマグンイツキムラ
熊本県,球磨郡山江村,クマグンヤマエムラ
熊本県,球磨郡球磨村,クマグンクマムラ
熊本県,球磨郡あさぎり町,クマグンアサギリチョウ
熊本県,天草郡苓北町,アマクサグンレイホクマチ
大分県,大分市,オオイタシ
大分県,別府市,ベップシ
大分県,中津市,ナカツシ
大分県,日田市,ヒタシ
大分県,佐伯市,サイキシ
大分県,臼杵市,ウスキシ
大分県,津久見市,ツクミシ
大分県,竹田市,タケタシ
大分県,豊後高田市,ブンゴタカダシ
大分県,杵築市,キツキシ
大分県,宇佐市,ウサシ
大分県,豊後大野市,ブンゴオオノシ
大分県,由布市,ユフシ
大分県,国東市,クニサキシ
大分県,東国東郡姫島村,ヒガシクニサキグンヒメシマムラ
大分県,速見郡日出町,ハヤミグンヒジマチ
大分県,玖珠郡九重町,クスグンココノエマチ
大分県,玖珠郡玖珠町,クスグンクスマチ
宮崎県,宮崎市,ミヤザキシ
宮崎県,都城市,ミヤコノジョウシ
宮崎県,延岡市,ノベオカシ
宮崎県,日南市,ニチナンシ
宮崎県,小林市,コバヤシシ
宮崎県,日向市,ヒュウガシ
宮崎県,串間市,クシマシ
宮崎県,西都市,サイトシ
宮崎県,えびの市,エビノシ
宮崎県,北諸県郡三股町,キタモロカタグンミマタチョウ
宮崎県,西諸県郡高原町,ニシモロカタグンタカハルチョウ
宮崎県,東諸県郡国富町,ヒガシモロカタグンクニトミチョウ
宮崎県,東諸県郡綾町,ヒガシモロカタグンアヤチョウ
宮崎県,児湯郡高鍋町,コユグンタカナベチョウ
宮崎県,児湯郡新富町,コユグンシントミチョウ
宮崎県,児湯郡西米良村,コユグンニシメラソン
宮崎県,児湯郡木城町,コユグンキジョウチョウ
宮崎県,児湯郡川南町,コユグンカワミナミチョウ
宮崎県,児湯郡都農町,コユグンツノチョウ
宮崎県,東臼杵郡門川町,ヒガシウスキグンカドガワチョウ
宮崎県,東臼杵郡諸塚村,ヒガシウスキグンモロツカソン
宮崎県,東臼杵郡椎葉村,ヒガシウスキグンシイバソン
宮崎県,東臼杵郡美郷町,ヒガシウスキグンミサトチョウ
宮崎県,西臼杵郡高千穂町,ニシウスキグンタカチホチョウ
宮崎県,西臼杵郡日之影町,ニシウスキグンヒノカゲチョウ
宮崎県,西臼杵郡五ヶ瀬町,ニシウスキグンゴカセチョウ
鹿児島県,鹿児島市,カゴシマシ
鹿児島県,鹿屋市,カノヤシ
鹿児島県,枕崎市,マクラザキシ
鹿児島県,阿久根市,アクネシ
鹿児島県,出水市,イズミシ
鹿児島県,指宿市,イブスキシ
鹿児島県,西之表市,ニシノオモテシ
鹿児島県,垂水市,タルミズシ
鹿児島県,薩摩川内市,サツマセンダイシ
鹿児島県,日置市,ヒオキシ
鹿児島県,曽於市,ソオシ
鹿児島県,霧島市,キリシマシ
鹿児島県,いちき串木野市,イチキクシキノシ
鹿児島県,南さつま市,ミナミサツマシ
鹿児島県,志布志市,シブシシ
鹿児島県,奄美市,アマミシ
鹿児島県,南九州市,ミナミキュウシュウシ
鹿児島県,伊佐市,イサシ
鹿児島県,姶良市,アイラシ
鹿児島県,鹿児島郡三島村,カゴシマグンミシマムラ
鹿児島県,鹿児島郡十島村,カゴシマグントシマムラ
鹿児島県,薩摩郡さつま町,サツマグンサツマチョウ
鹿児島県,出水郡長島町,イズミグンナガシマチョウ
鹿児島県,姶良郡湧水町,アイラグンユウスイチョウ
鹿児島県,曽於郡大崎町,ソオグンオオサキチョウ
鹿児島県,肝属郡東串良町,キモツキグンヒガシクシラチョウ
鹿児島県,肝属郡錦江町,キモツキグンキンコウチョウ
鹿児島県,肝属郡南大隅町,キモツキグンミナミオオスミチョウ
鹿児島県,肝属郡肝付町,キモツキグンキモツキチョウ
鹿児島県,熊毛郡中種子町,クマゲグンナカタネチョウ
鹿児島県,熊毛郡南種子町,クマゲグンミナミタネチョウ
鹿児島県,熊毛郡屋久島町,クマゲグンヤクシマチョウ
鹿児島県,大島郡大和村,オオシマグンヤマトソン
鹿児島県,大島郡宇検村,オオシマグンウケンソン
鹿児島県,大島郡瀬戸内町,オオシマグンセトウチチョウ
鹿児島県,大島郡龍郷町,オオシマグンタツゴウチョウ
鹿児島県,大島郡喜界町,オオシマグンキカイチョウ
鹿児島県,大島郡徳之島町,オオシマグントクノシマチョウ
鹿児島県,大島郡天城町,オオシマグンアマギチョウ
鹿児島県,大島郡伊仙町,オオシマグンイセンチョウ
鹿児島県,大島郡和泊町,オオシマグンワドマリチョウ
鹿児島県,大島郡知名町,オオシマグンチナチョウ
鹿児島県,大島郡与論町,オオシマグンヨロンチョウ
沖縄県,那覇市,ナハシ
沖縄県,宜野湾市,ギノワンシ
沖縄県,石垣市,イシガキシ
沖縄県,浦添市,ウラソエシ
沖縄県,名護市,ナゴシ
沖縄県,糸満市,イトマンシ
沖縄県,沖縄市,オキナワシ
沖縄県,豊見城市,トミグスクシ
沖縄県,うるま市,ウルマシ
沖縄県,宮古島市,ミヤコジマシ
沖縄県,南城市,ナンジョウシ
沖縄県,国頭郡国頭村,クニガミグンクニガミソン
沖縄県,国頭郡大宜味村,クニガミグンオオギミソン
沖縄県,国頭郡東村,クニガミグンヒガシソン
沖縄県,国頭郡今帰仁村,クニガミグンナキジンソン
沖縄県,国頭郡本部町,クニガミグンモトブチョウ
沖縄県,国頭郡恩納村,クニガミグンオンナソン
沖縄県,国頭郡宜野座村,クニガミグンギノザソン
沖縄県,国頭郡金武町,クニガミグンキンチョウ
沖縄県,国頭郡伊江村,クニガミグンイエソン
沖縄県,中頭郡読谷村,ナカガミグンヨミタンソン
沖縄県,中頭郡嘉手納町,ナカガミグンカデナチョウ
沖縄県,中頭郡北谷町,ナカガミグンチャタンチョウ
沖縄県,中頭郡北中城村,ナカガミグンキタナカグスクソン
沖縄県,中頭郡中城村,ナカガミグンナカグスクソン
沖縄県,中頭郡西原町,ナカガミグンニシハラチョウ
沖縄県,島尻郡与那原町,シマジリグンヨナバルチョウ
沖縄県,島尻郡南風原町,シマジリグンハエバルチョウ
沖縄県,島尻郡渡嘉敷村,シマジリグントカシキソン
沖縄県,島尻郡座間味村,シマジリグンザマミソン
沖縄県,島尻郡粟国村,シマジリグンアグニソン
沖縄県,島尻郡渡名喜村,シマジリグントナキソン
沖縄県,島尻郡南大東村,シマジリグンミナミダイトウソン
沖縄県,島尻郡北大東村,シマジリグンキタダイトウソン
沖縄県,島尻郡伊平屋村,シマジリグンイヘヤソン
沖縄県,島尻郡伊是名村,シマジリグンイゼナソン
沖縄県,島尻郡久米島町,シマジリグンクメジマチョウ
沖縄県,島尻郡八重瀬町,シマジリグンヤエセチョウ
沖縄県,宮古郡多良間村,ミヤコグンタラマソン
沖縄県,八重山郡竹富町,ヤエヤマグンタケトミチョウ
沖縄県,八重山郡与那国町,ヤエヤマグンヨナグニチョウ